Quant Method,Filename,Sample number,rs,treatment,time,env_rep,tech_rep,Sample Type,Area,cali conc,calc conc,RT
DCIP_267.99mz,7_DCIP_2mgmL-1,7,DCIP,2mgmL,NA,A,1,Cal,1311619591,2,1.771,0.91
DCIP_267.99mz,7_DCIP_2mgmL-2,7,DCIP,2mgmL,NA,A,1,Cal,1497332869,2,2.022,0.9
DCIP_267.99mz,7_DCIP_2mgmL-3,7,DCIP,2mgmL,NA,A,1,Cal,1472775389,2,1.989,0.9
DCIP_267.99mz,7_DCIP_2mgmL-4,7,DCIP,2mgmL,NA,A,1,Cal,1485735810,2,2.007,0.9
DCIP_267.99mz,8_DCIP_0-4mgmL-1,8,DCIP,0.4mgmL,NA,A,1,Cal,411479972,0.4,0.556,0.88
DCIP_267.99mz,8_DCIP_0-4mgmL-2,8,DCIP,0.4mgmL,NA,A,1,Cal,522814724,0.4,0.706,0.87
DCIP_267.99mz,8_DCIP_0-4mgmL-3,8,DCIP,0.4mgmL,NA,A,1,Cal,497725366,0.4,0.672,0.86
DCIP_267.99mz,8_DCIP_0-4mgmL-4,8,DCIP,0.4mgmL,NA,A,1,Cal,514788439,0.4,0.695,0.87
DCIP_267.99mz,9_DCIP_0-04mgmL-1,9,DCIP,0.04mgmL,NA,A,1,Cal,55302459,0.04,0.075,0.88
DCIP_267.99mz,9_DCIP_0-04mgmL-2,9,DCIP,0.04mgmL,NA,A,1,Cal,78703902,0.04,0.106,0.86
DCIP_267.99mz,9_DCIP_0-04mgmL-3,9,DCIP,0.04mgmL,NA,A,1,Cal,73683620,0.04,0.1,0.86
DCIP_267.99mz,9_DCIP_0-04mgmL-4,9,DCIP,0.04mgmL,NA,A,1,Cal,76312110,0.04,0.103,0.85
DCIP_267.99mz,10_DCIP_0-008mgmL-1,10,DCIP,0.008mgmL,NA,A,1,Cal,15682516,0.008,0.021,0.88
DCIP_267.99mz,10_DCIP_0-008mgmL-2,10,DCIP,0.008mgmL,NA,A,1,Cal,21711070,0.008,0.029,0.86
DCIP_267.99mz,10_DCIP_0-008mgmL-3,10,DCIP,0.008mgmL,NA,A,1,Cal,21095421,0.008,0.028,0.86
DCIP_267.99mz,10_DCIP_0-008mgmL-4,10,DCIP,0.008mgmL,NA,A,1,Cal,20293242,0.008,0.027,0.86
DCIP_267.99mz,11_DCIP_0-0008mgmL-1,11,DCIP,0.0008mgmL,NA,A,1,Cal,4115189,0.001,0.006,0.88
DCIP_267.99mz,11_DCIP_0-0008mgmL-2,11,DCIP,0.0008mgmL,NA,A,1,Cal,5748576,0.001,0.008,0.86
DCIP_267.99mz,11_DCIP_0-0008mgmL-3,11,DCIP,0.0008mgmL,NA,A,1,Cal,5439528,0.001,0.007,0.84
DCIP_267.99mz,11_DCIP_0-0008mgmL-4,11,DCIP,0.0008mgmL,NA,A,1,Cal,4911079,0.001,0.007,0.84
DCIP_267.99mz,12_DCIP_ori_2mgmL-1,12,DCIP,ori,0,A,1,Sample,1562268485,NA,2.11,0.92
DCIP_267.99mz,12_DCIP_ori_2mgmL-2,12,DCIP,ori,0,A,2,Sample,1715068031,NA,2.316,0.91
DCIP_267.99mz,12_DCIP_ori_2mgmL-3,12,DCIP,ori,0,A,3,Sample,1671075850,NA,2.257,0.89
DCIP_267.99mz,12_DCIP_ori_2mgmL-4,12,DCIP,ori,0,A,4,Sample,1635017872,NA,2.208,0.89
DCIP_267.99mz,58_DCIP_A_1hr_1,58,DCIP,A,1,A,1,Sample,728021132,NA,0.983,0.88
DCIP_267.99mz,58_DCIP_A_1hr_1b,58,DCIP,A,1,A,2,Sample,713730748,NA,0.964,0.88
DCIP_267.99mz,59_DCIP_A_1hr_2,59,DCIP,A,1,B,1,Sample,722632750,NA,0.976,0.88
DCIP_267.99mz,59_DCIP_A_1hr_2b,59,DCIP,A,1,B,2,Sample,712151070,NA,0.962,0.88
DCIP_267.99mz,60_DCIP_A_1hr_3,60,DCIP,A,1,C,1,Sample,631617931,NA,0.853,0.88
DCIP_267.99mz,60_DCIP_A_1hr_3b,60,DCIP,A,1,C,2,Sample,638518484,NA,0.862,0.89
DCIP_267.99mz,61_DCIP_A_2hr_1,61,DCIP,A,2,A,1,Sample,812759139,NA,1.098,0.89
DCIP_267.99mz,61_DCIP_A_2hr_1b,61,DCIP,A,2,A,2,Sample,792803628,NA,1.071,0.89
DCIP_267.99mz,62_DCIP_A_2hr_2,62,DCIP,A,2,B,1,Sample,770633202,NA,1.041,0.88
DCIP_267.99mz,62_DCIP_A_2hr_2b,62,DCIP,A,2,B,2,Sample,750342512,NA,1.013,0.88
DCIP_267.99mz,63_DCIP_A_2hr_3,63,DCIP,A,2,C,1,Sample,701693113,NA,0.948,0.88
DCIP_267.99mz,63_DCIP_A_2hr_3b,63,DCIP,A,2,C,2,Sample,712983927,NA,0.963,0.88
DCIP_267.99mz,64_DCIP_A_4hr_1,64,DCIP,A,4,A,1,Sample,575088784,NA,0.777,0.88
DCIP_267.99mz,64_DCIP_A_4hr_1b,64,DCIP,A,4,A,2,Sample,573203276,NA,0.774,0.88
DCIP_267.99mz,65_DCIP_A_4hr_2,65,DCIP,A,4,B,1,Sample,703210808,NA,0.95,0.87
DCIP_267.99mz,65_DCIP_A_4hr_2b,65,DCIP,A,4,B,2,Sample,701847328,NA,0.948,0.88
DCIP_267.99mz,66_DCIP_A_4hr_3,66,DCIP,A,4,C,1,Sample,615113298,NA,0.831,0.87
DCIP_267.99mz,66_DCIP_A_4hr_3b,66,DCIP,A,4,C,2,Sample,621444854,NA,0.839,0.88
DCIP_267.99mz,67_DCIP_B_1hr_1,67,DCIP,B,1,A,1,Sample,339570958,NA,0.459,0.87
DCIP_267.99mz,67_DCIP_B_1hr_1b,67,DCIP,B,1,A,2,Sample,340544946,NA,0.46,0.87
DCIP_267.99mz,68_DCIP_B_1hr_2,68,DCIP,B,1,B,1,Sample,334361652,NA,0.452,0.87
DCIP_267.99mz,68_DCIP_B_1hr_2b,68,DCIP,B,1,B,2,Sample,344614949,NA,0.465,0.87
DCIP_267.99mz,69_DCIP_B_1hr_3,69,DCIP,B,1,C,1,Sample,321065481,NA,0.434,0.87
DCIP_267.99mz,69_DCIP_B_1hr_3b,69,DCIP,B,1,C,2,Sample,333395646,NA,0.45,0.87
DCIP_267.99mz,70_DCIP_B_2hr_1,70,DCIP,B,2,A,1,Sample,258539567,NA,0.349,0.87
DCIP_267.99mz,70_DCIP_B_2hr_1b,70,DCIP,B,2,A,2,Sample,262560425,NA,0.355,0.87
DCIP_267.99mz,71_DCIP_B_2hr_2,71,DCIP,B,2,B,1,Sample,296672761,NA,0.401,0.86
DCIP_267.99mz,71_DCIP_B_2hr_2b,71,DCIP,B,2,B,2,Sample,298289764,NA,0.403,0.86
DCIP_267.99mz,72_DCIP_B_2hr_3,72,DCIP,B,2,C,1,Sample,257025388,NA,0.347,0.86
DCIP_267.99mz,72_DCIP_B_2hr_3b,72,DCIP,B,2,C,2,Sample,257959618,NA,0.348,0.87
DCIP_267.99mz,73_DCIP_B_4hr_1,73,DCIP,B,4,A,1,Sample,258650697,NA,0.349,0.86
DCIP_267.99mz,73_DCIP_B_4hr_1b,73,DCIP,B,4,A,2,Sample,255485569,NA,0.345,0.86
DCIP_267.99mz,74_DCIP_B_4hr_2,74,DCIP,B,4,B,1,Sample,251111004,NA,0.339,0.86
DCIP_267.99mz,74_DCIP_B_4hr_2b,74,DCIP,B,4,B,2,Sample,254702644,NA,0.344,0.87
DCIP_267.99mz,75_DCIP_B_4hr_3,75,DCIP,B,4,C,1,Sample,199314990,NA,0.269,0.86
DCIP_267.99mz,75_DCIP_B_4hr_3b,75,DCIP,B,4,C,2,Sample,202995026,NA,0.274,0.87
DCIP_267.99mz,76_DCIP_C_1hr_1,76,DCIP,C,1,A,1,Sample,684347850,NA,0.924,0.88
DCIP_267.99mz,76_DCIP_C_1hr_1b,76,DCIP,C,1,A,2,Sample,692554990,NA,0.935,0.88
DCIP_267.99mz,77_DCIP_C_1hr_2,77,DCIP,C,1,B,1,Sample,644853627,NA,0.871,0.88
DCIP_267.99mz,77_DCIP_C_1hr_2b,77,DCIP,C,1,B,2,Sample,666139072,NA,0.9,0.88
DCIP_267.99mz,78_DCIP_C_1hr_3,78,DCIP,C,1,C,1,Sample,737017607,NA,0.995,0.88
DCIP_267.99mz,78_DCIP_C_1hr_3b,78,DCIP,C,1,C,2,Sample,731582287,NA,0.988,0.89
DCIP_267.99mz,79_DCIP_C_2hr_1,79,DCIP,C,2,A,1,Sample,727268563,NA,0.982,0.89
DCIP_267.99mz,79_DCIP_C_2hr_1b,79,DCIP,C,2,A,2,Sample,711763908,NA,0.961,0.88
DCIP_267.99mz,80_DCIP_C_2hr_2,80,DCIP,C,2,B,1,Sample,674546168,NA,0.911,0.88
DCIP_267.99mz,80_DCIP_C_2hr_2b,80,DCIP,C,2,B,2,Sample,677104866,NA,0.914,0.88
DCIP_267.99mz,81_DCIP_C_2hr_3,81,DCIP,C,2,C,1,Sample,807922410,NA,1.091,0.89
DCIP_267.99mz,81_DCIP_C_2hr_3b,81,DCIP,C,2,C,2,Sample,734671472,NA,0.992,0.9
DCIP_267.99mz,82_DCIP_C_4hr_1,82,DCIP,C,4,A,1,Sample,588532584,NA,0.795,0.88
DCIP_267.99mz,82_DCIP_C_4hr_1b,82,DCIP,C,4,A,2,Sample,552898596,NA,0.747,0.89
DCIP_267.99mz,83_DCIP_C_4hr_2,83,DCIP,C,4,B,1,Sample,567263327,NA,0.766,0.88
DCIP_267.99mz,83_DCIP_C_4hr_2b,83,DCIP,C,4,B,2,Sample,534747236,NA,0.722,0.89
DCIP_267.99mz,84_DCIP_C_4hr_3,84,DCIP,C,4,C,1,Sample,603348712,NA,0.815,0.89
DCIP_267.99mz,84_DCIP_C_4hr_3b,84,DCIP,C,4,C,2,Sample,568074043,NA,0.767,0.88
DCIP_267.99mz,85_DCIP_Dgs_1hr_1,85,DCIP,Dgs,1,A,1,Sample,455868346,NA,0.616,0.88
DCIP_267.99mz,85_DCIP_Dgs_1hr_1b,85,DCIP,Dgs,1,A,2,Sample,437335024,NA,0.591,0.88
DCIP_267.99mz,86_DCIP_Dgs_1hr_2,86,DCIP,Dgs,1,B,1,Sample,455759350,NA,0.616,0.88
DCIP_267.99mz,86_DCIP_Dgs_1hr_2b,86,DCIP,Dgs,1,B,2,Sample,444284716,NA,0.6,0.88
DCIP_267.99mz,87_DCIP_Dgs_1hr_3,87,DCIP,Dgs,1,C,1,Sample,461650475,NA,0.623,0.88
DCIP_267.99mz,87_DCIP_Dgs_1hr_3b,87,DCIP,Dgs,1,C,2,Sample,440257049,NA,0.595,0.88
DCIP_267.99mz,88_DCIP_Dgs_2hr_1,88,DCIP,Dgs,2,A,1,Sample,422659335,NA,0.571,0.88
DCIP_267.99mz,88_DCIP_Dgs_2hr_1b,88,DCIP,Dgs,2,A,2,Sample,412371662,NA,0.557,0.88
DCIP_267.99mz,89_DCIP_Dgs_2hr_2,89,DCIP,Dgs,2,B,1,Sample,418594209,NA,0.565,0.88
DCIP_267.99mz,89_DCIP_Dgs_2hr_2b,89,DCIP,Dgs,2,B,2,Sample,403618919,NA,0.545,0.88
DCIP_267.99mz,90_DCIP_Dgs_2hr_3,90,DCIP,Dgs,2,C,1,Sample,435091260,NA,0.588,0.88
DCIP_267.99mz,90_DCIP_Dgs_2hr_3b,90,DCIP,Dgs,2,C,2,Sample,425055562,NA,0.574,0.88
DCIP_267.99mz,91_DCIP_Dgs_4hr_1,91,DCIP,Dgs,4,A,1,Sample,408895366,NA,0.552,0.88
DCIP_267.99mz,91_DCIP_Dgs_4hr_1b,91,DCIP,Dgs,4,A,2,Sample,393901594,NA,0.532,0.88
DCIP_267.99mz,92_DCIP_Dgs_4hr_2,92,DCIP,Dgs,4,B,1,Sample,389370465,NA,0.526,0.88
DCIP_267.99mz,92_DCIP_Dgs_4hr_2b,92,DCIP,Dgs,4,B,2,Sample,365184153,NA,0.493,0.88
DCIP_267.99mz,93_DCIP_Dgs_4hr_3,93,DCIP,Dgs,4,C,1,Sample,396272226,NA,0.535,0.87
DCIP_267.99mz,93_DCIP_Dgs_4hr_3b,93,DCIP,Dgs,4,C,2,Sample,423785383,NA,0.572,0.88
DCIP_267.99mz,94_DCIP_Dfo_1hr_1,94,DCIP,Dfo,1,A,1,Sample,378522780,NA,0.511,0.88
DCIP_267.99mz,94_DCIP_Dfo_1hr_1b,94,DCIP,Dfo,1,A,2,Sample,349690536,NA,0.472,0.88
DCIP_267.99mz,95_DCIP_Dfo_1hr_2,95,DCIP,Dfo,1,B,1,Sample,376502457,NA,0.508,0.87
DCIP_267.99mz,95_DCIP_Dfo_1hr_2b,95,DCIP,Dfo,1,B,2,Sample,340300617,NA,0.46,0.88
DCIP_267.99mz,96_DCIP_Dfo_1hr_3,96,DCIP,Dfo,1,C,1,Sample,340089689,NA,0.459,0.87
DCIP_267.99mz,96_DCIP_Dfo_1hr_3b,96,DCIP,Dfo,1,C,2,Sample,314927427,NA,0.425,0.88
DCIP_267.99mz,97_DCIP_Dfo_2hr_1,97,DCIP,Dfo,2,A,1,Sample,205419331,NA,0.277,0.87
DCIP_267.99mz,97_DCIP_Dfo_2hr_1b,97,DCIP,Dfo,2,A,2,Sample,182038307,NA,0.246,0.87
DCIP_267.99mz,98_DCIP_Dfo_2hr_2,98,DCIP,Dfo,2,B,1,Sample,249575712,NA,0.337,0.87
DCIP_267.99mz,98_DCIP_Dfo_2hr_2b,98,DCIP,Dfo,2,B,2,Sample,230802314,NA,0.312,0.88
DCIP_267.99mz,99_DCIP_Dfo_2hr_3,99,DCIP,Dfo,2,C,1,Sample,130910205,NA,0.177,0.87
DCIP_267.99mz,99_DCIP_Dfo_2hr_3b,99,DCIP,Dfo,2,C,2,Sample,117132352,NA,0.158,0.87
DCIP_267.99mz,100_DCIP_Dfo_4hr_1,100,DCIP,Dfo,4,A,1,Sample,271732314,NA,0.367,0.87
DCIP_267.99mz,100_DCIP_Dfo_4hr_1b,100,DCIP,Dfo,4,A,2,Sample,253842645,NA,0.343,0.87
DCIP_267.99mz,101_DCIP_Dfo_4hr_2,101,DCIP,Dfo,4,B,1,Sample,211779808,NA,0.286,0.87
DCIP_267.99mz,101_DCIP_Dfo_4hr_2b,101,DCIP,Dfo,4,B,2,Sample,193434454,NA,0.261,0.86
DCIP_267.99mz,102_DCIP_Dfo_4hr_3,102,DCIP,Dfo,4,C,1,Sample,359537587,NA,0.486,0.87
DCIP_267.99mz,102_DCIP_Dfo_4hr_3b,102,DCIP,Dfo,4,C,2,Sample,335776879,NA,0.453,0.88
DCIP_267.99mz,103_DCIP_Drc_1hr_1,103,DCIP,Drc,1,A,1,Sample,427802610,NA,0.578,0.88
DCIP_267.99mz,103_DCIP_Drc_1hr_1b,103,DCIP,Drc,1,A,2,Sample,405959849,NA,0.548,0.88
DCIP_267.99mz,104_DCIP_Drc_1hr_2,104,DCIP,Drc,1,B,1,Sample,394789479,NA,0.533,0.88
DCIP_267.99mz,104_DCIP_Drc_1hr_2b,104,DCIP,Drc,1,B,2,Sample,370444405,NA,0.5,0.88
DCIP_267.99mz,105_DCIP_Drc_1hr_3,105,DCIP,Drc,1,C,1,Sample,392362858,NA,0.53,0.88
DCIP_267.99mz,105_DCIP_Drc_1hr_3b,105,DCIP,Drc,1,C,2,Sample,358782390,NA,0.485,0.88
DCIP_267.99mz,106_DCIP_Drc_2hr_1,106,DCIP,Drc,2,A,1,Sample,388195378,NA,0.524,0.88
DCIP_267.99mz,106_DCIP_Drc_2hr_1b,106,DCIP,Drc,2,A,2,Sample,378933653,NA,0.512,0.88
DCIP_267.99mz,107_DCIP_Drc_2hr_2,107,DCIP,Drc,2,B,1,Sample,389427969,NA,0.526,0.88
DCIP_267.99mz,107_DCIP_Drc_2hr_2b,107,DCIP,Drc,2,B,2,Sample,364366155,NA,0.492,0.88
DCIP_267.99mz,108_DCIP_Drc_2hr_3,108,DCIP,Drc,2,C,1,Sample,381838913,NA,0.516,0.87
DCIP_267.99mz,108_DCIP_Drc_2hr_3b,108,DCIP,Drc,2,C,2,Sample,363503115,NA,0.491,0.88
DCIP_267.99mz,109_DCIP_Drc_4hr_1,109,DCIP,Drc,4,A,1,Sample,371608553,NA,0.502,0.88
DCIP_267.99mz,109_DCIP_Drc_4hr_1b,109,DCIP,Drc,4,A,2,Sample,344701807,NA,0.466,0.88
DCIP_267.99mz,110_DCIP_Drc_4hr_2,110,DCIP,Drc,4,B,1,Sample,374755298,NA,0.506,0.88
DCIP_267.99mz,110_DCIP_Drc_4hr_2b,110,DCIP,Drc,4,B,2,Sample,373738296,NA,0.505,0.88
DCIP_267.99mz,111_DCIP_Drc_4hr_3,111,DCIP,Drc,4,C,1,Sample,365763233,NA,0.494,0.88
DCIP_267.99mz,111_DCIP_Drc_4hr_3b,111,DCIP,Drc,4,C,2,Sample,348465343,NA,0.471,0.88
DCIP_267.99mz,ACN_01,NA,ACN,seq blank,NA,1,1,Blank,2645,NA,0,1
DCIP_267.99mz,ACN_01b,NA,ACN,seq blank,NA,1,2,Blank,925,NA,0,0.82
DCIP_267.99mz,ACN_02,NA,ACN,seq blank,NA,2,1,Blank,NA,NA,NA,NA
DCIP_267.99mz,ACN_02b,NA,ACN,seq blank,NA,2,2,Blank,1351,NA,0,0.82
DCIP_267.99mz,ACN_03,NA,ACN,seq blank,NA,3,1,Blank,NA,NA,NA,NA
DCIP_267.99mz,ACN_03b,NA,ACN,seq blank,NA,3,2,Blank,NA,NA,NA,NA
DCIP_267.99mz,ACN_04,NA,ACN,seq blank,NA,4,1,Blank,NA,NA,NA,NA
DCIP_267.99mz,ACN_04b,NA,ACN,seq blank,NA,4,2,Blank,NA,NA,NA,NA
DCIP_267.99mz,ACN_05,NA,ACN,seq blank,NA,5,1,Blank,NA,NA,NA,NA
DCIP_267.99mz,ACN_05b,NA,ACN,seq blank,NA,5,2,Blank,NA,NA,NA,NA
DCIP_267.99mz,ACN_06,NA,ACN,seq blank,NA,6,1,Blank,1810,NA,0,0.79
DCIP_267.99mz,ACN_06b,NA,ACN,seq blank,NA,6,2,Blank,1569,NA,0,0.81
DCIP_267.99mz,ACN_07,NA,ACN,seq blank,NA,7,1,Blank,1974,NA,0,1.03
DCIP_267.99mz,ACN_07b,NA,ACN,seq blank,NA,7,2,Blank,NA,NA,NA,NA
DCIP_267.99mz,ACN_08,NA,ACN,seq blank,NA,8,1,Blank,7544,NA,0,0.86
DCIP_267.99mz,ACN_08b,NA,ACN,seq blank,NA,8,2,Blank,6990,NA,0,0.87
DCIP_267.99mz,ACN_09,NA,ACN,seq blank,NA,9,1,Blank,18126,NA,0,0.87
DCIP_267.99mz,ACN_09b,NA,ACN,seq blank,NA,9,2,Blank,27891,NA,0,0.88
DCIP_267.99mz,ACN_10,NA,ACN,seq blank,NA,10,1,Blank,19805,NA,0,0.87
DCIP_267.99mz,ACN_10b,NA,ACN,seq blank,NA,10,2,Blank,22086,NA,0,0.87
DCIP_267.99mz,ACN_11,NA,ACN,seq blank,NA,11,1,Blank,7596,NA,0,0.92
DCIP_267.99mz,ACN_11b,NA,ACN,seq blank,NA,11,2,Blank,8243,NA,0,0.88
DCIP_267.99mz,ACN_12,NA,ACN,seq blank,NA,12,1,Blank,NA,NA,NA,NA
DCIP_267.99mz,ACN_12b,NA,ACN,seq blank,NA,12,2,Blank,22992,NA,0,0.98
DCIP_267.99mz,ACN_13,NA,ACN,seq blank,NA,13,1,Blank,27308,NA,0,0.9
DCIP_267.99mz,ACN_13b,NA,ACN,seq blank,NA,13,2,Blank,15180,NA,0,0.9
DCIP_267.99mz,ACN_14,NA,ACN,seq blank,NA,14,1,Blank,53974,NA,0,0.88
DCIP_267.99mz,ACN_14b,NA,ACN,seq blank,NA,14,2,Blank,41747,NA,0,0.92
DCIP_267.99mz,ACN_15,NA,ACN,seq blank,NA,15,1,Blank,13762,NA,0,0.9
DCIP_267.99mz,ACN_15b,NA,ACN,seq blank,NA,15,2,Blank,18415,NA,0,0.91
DCIP_267.99mz,ACN_16,NA,ACN,seq blank,NA,16,1,Blank,20078,NA,0,0.87
DCIP_267.99mz,ACN_16b,NA,ACN,seq blank,NA,16,2,Blank,14360,NA,0,0.88
DCIP_267.99mz,ACN_17,NA,ACN,seq blank,NA,17,1,Blank,99540,NA,0,0.93
DCIP_267.99mz,ACN_17b,NA,ACN,seq blank,NA,17,2,Blank,31564,NA,0,0.9
DCIP_267.99mz,ACN_18,NA,ACN,seq blank,NA,18,1,Blank,32858,NA,0,0.92
DCIP_267.99mz,ACN_18b,NA,ACN,seq blank,NA,18,2,Blank,1930,NA,0,0.79
DCIP_267.99mz,ACN_19,NA,ACN,seq blank,NA,19,1,Blank,10483,NA,0,0.9
DCIP_267.99mz,ACN_19b,NA,ACN,seq blank,NA,19,2,Blank,NA,NA,NA,NA
DCIP_267.99mz,ACN_20,NA,ACN,seq blank,NA,20,1,Blank,NA,NA,NA,NA
DCIP_267.99mz,ACN_20b,NA,ACN,seq blank,NA,20,2,Blank,NA,NA,NA,NA
DCIP_267.99mz,ACN_21,NA,ACN,seq blank,NA,21,1,Blank,885,NA,0,0.8
DCIP_267.99mz,ACN_21b,NA,ACN,seq blank,NA,21,2,Blank,NA,NA,NA,NA
DCIP_267.99mz,ACN_22,NA,ACN,seq blank,NA,22,1,Blank,NA,NA,NA,NA
DCIP_267.99mz,ACN_22b,NA,ACN,seq blank,NA,22,2,Blank,NA,NA,NA,NA
DCIP_267.99mz,ACN_23,NA,ACN,seq blank,NA,23,1,Blank,1159,NA,0,0.79
DCIP_267.99mz,ACN_23b,NA,ACN,seq blank,NA,23,2,Blank,2483,NA,0,0.81
DCIP_267.99mz,ACN_24,NA,ACN,seq blank,NA,24,1,Blank,NA,NA,NA,NA
DCIP_267.99mz,ACN_24b,NA,ACN,seq blank,NA,24,2,Blank,NA,NA,NA,NA
DCIP_267.99mz,ACN_25,NA,ACN,seq blank,NA,25,1,Blank,1168,NA,0,0.81
DCIP_267.99mz,ACN_25b,NA,ACN,seq blank,NA,25,2,Blank,NA,NA,NA,NA
DCIP_267.99mz,ACN_cal_01,NA,ACN,cal blank,NA,1,NA,Blank,NA,NA,NA,NA
DCIP_267.99mz,ACN_cal_02,NA,ACN,cal blank,NA,2,NA,Blank,NA,NA,NA,NA
DCIP_267.99mz,ACN_cal_03,NA,ACN,cal blank,NA,3,NA,Blank,18751,NA,0,0.96
DCIP_267.99mz,ACN_cal_04,NA,ACN,cal blank,NA,4,NA,Blank,NA,NA,NA,NA
DCIP_267.99mz,ACN_cal_05,NA,ACN,cal blank,NA,5,NA,Blank,NA,NA,NA,NA
DCIP_267.99mz,ACN_cal_06,NA,ACN,cal blank,NA,6,NA,Blank,147224,NA,0,0.86
DCIP_267.99mz,ACN_cal_07,NA,ACN,cal blank,NA,7,NA,Blank,NA,NA,NA,NA
DCIP_267.99mz,ACN_cal_08,NA,ACN,cal blank,NA,8,NA,Blank,18818,NA,0,0.9
DCIP_267.99mz,ACN_cal_09,NA,ACN,cal blank,NA,9,NA,Blank,10729,NA,0,0.86
DCIP_267.99mz,ACN_cal_10,NA,ACN,cal blank,NA,10,NA,Blank,13992,NA,0,0.88
DCIP_267.99mz,ACN_cal_11,NA,ACN,cal blank,NA,11,NA,Blank,3964,NA,0,0.86
DCIP_267.99mz,ACN_cal_12,NA,ACN,cal blank,NA,12,NA,Blank,NA,NA,NA,NA
DCIP_267.99mz,ACN_cal_13,NA,ACN,cal blank,NA,13,NA,Blank,NA,NA,NA,NA
DCIP_267.99mz,ACN_cal_14,NA,ACN,cal blank,NA,14,NA,Blank,NA,NA,NA,NA
DCIP_267.99mz,DCIP_0-4mgmL_seq2,NA,DCIP,QC,NA,A,1,Sample,411166943,NA,0.555,0.87
DCIP_267.99mz,DCIP_0-4mgmL_seq2b,NA,DCIP,QC,NA,A,2,Sample,404252485,NA,0.546,0.87
DCIP_267.99mz,DCIP_0-4mgmL_seq3,NA,DCIP,QC,NA,A,3,Sample,409443744,NA,0.553,0.88
DCIP_267.99mz,DCIP_0-4mgmL_seq3b,NA,DCIP,QC,NA,A,4,Sample,388308694,NA,0.524,0.88
DCIP_270nm,7_DCIP_2mgmL-1,7,DCIP,2mgmL,NA,B,2,Cal,15800148,2,2.029,0.96
DCIP_270nm,7_DCIP_2mgmL-2,7,DCIP,2mgmL,NA,B,2,Cal,15433051,2,1.981,0.95
DCIP_270nm,7_DCIP_2mgmL-3,7,DCIP,2mgmL,NA,B,2,Cal,15432143,2,1.981,0.96
DCIP_270nm,7_DCIP_2mgmL-4,7,DCIP,2mgmL,NA,B,2,Cal,15259437,2,1.959,0.95
DCIP_270nm,8_DCIP_0-4mgmL-1,8,DCIP,0.4mgmL,NA,B,2,Cal,3532272,0.4,0.454,0.94
DCIP_270nm,8_DCIP_0-4mgmL-2,8,DCIP,0.4mgmL,NA,B,2,Cal,3643841,0.4,0.468,0.93
DCIP_270nm,8_DCIP_0-4mgmL-3,8,DCIP,0.4mgmL,NA,B,2,Cal,3558333,0.4,0.457,0.92
DCIP_270nm,8_DCIP_0-4mgmL-4,8,DCIP,0.4mgmL,NA,B,2,Cal,3635556,0.4,0.467,0.93
DCIP_270nm,9_DCIP_0-04mgmL-1,9,DCIP,0.04mgmL,NA,B,2,Cal,361578,0.04,0.046,0.93
DCIP_270nm,9_DCIP_0-04mgmL-2,9,DCIP,0.04mgmL,NA,B,2,Cal,365710,0.04,0.047,0.92
DCIP_270nm,9_DCIP_0-04mgmL-3,9,DCIP,0.04mgmL,NA,B,2,Cal,356253,0.04,0.046,0.91
DCIP_270nm,9_DCIP_0-04mgmL-4,9,DCIP,0.04mgmL,NA,B,2,Cal,358130,0.04,0.046,0.91
DCIP_270nm,10_DCIP_0-008mgmL-1,10,DCIP,0.008mgmL,NA,B,2,Cal,71883,0.008,0.009,0.93
DCIP_270nm,10_DCIP_0-008mgmL-2,10,DCIP,0.008mgmL,NA,B,2,Cal,73230,0.008,0.009,0.91
DCIP_270nm,10_DCIP_0-008mgmL-3,10,DCIP,0.008mgmL,NA,B,2,Cal,73037,0.008,0.009,0.91
DCIP_270nm,10_DCIP_0-008mgmL-4,10,DCIP,0.008mgmL,NA,B,2,Cal,72073,0.008,0.009,0.91
DCIP_270nm,11_DCIP_0-0008mgmL-1,11,DCIP,0.0008mgmL,NA,B,2,Cal,8212,0.001,0.001,0.93
DCIP_270nm,11_DCIP_0-0008mgmL-2,11,DCIP,0.0008mgmL,NA,B,2,Cal,7889,0.001,0.001,0.91
DCIP_270nm,11_DCIP_0-0008mgmL-3,11,DCIP,0.0008mgmL,NA,B,2,Cal,7718,0.001,0.001,0.91
DCIP_270nm,11_DCIP_0-0008mgmL-4,11,DCIP,0.0008mgmL,NA,B,2,Cal,7727,0.001,0.001,0.91
DCIP_270nm,12_DCIP_ori_2mgmL-1,12,DCIP,ori,0,A,1,Sample,16626161,NA,2.135,0.97
DCIP_270nm,12_DCIP_ori_2mgmL-2,12,DCIP,ori,0,A,2,Sample,16378940,NA,2.103,0.96
DCIP_270nm,12_DCIP_ori_2mgmL-3,12,DCIP,ori,0,A,3,Sample,16186003,NA,2.078,0.95
DCIP_270nm,12_DCIP_ori_2mgmL-4,12,DCIP,ori,0,A,4,Sample,15936187,NA,2.046,0.95
DCIP_270nm,58_DCIP_A_1hr_1,58,DCIP,A,1,A,1,Sample,5998194,NA,0.77,0.94
DCIP_270nm,58_DCIP_A_1hr_1b,58,DCIP,A,1,A,2,Sample,6061478,NA,0.778,0.94
DCIP_270nm,59_DCIP_A_1hr_2,59,DCIP,A,1,B,1,Sample,5828148,NA,0.748,0.94
DCIP_270nm,59_DCIP_A_1hr_2b,59,DCIP,A,1,B,2,Sample,5795335,NA,0.744,0.94
DCIP_270nm,60_DCIP_A_1hr_3,60,DCIP,A,1,C,1,Sample,4997127,NA,0.642,0.94
DCIP_270nm,60_DCIP_A_1hr_3b,60,DCIP,A,1,C,2,Sample,4928054,NA,0.633,0.94
DCIP_270nm,61_DCIP_A_2hr_1,61,DCIP,A,2,A,1,Sample,7187710,NA,0.923,0.94
DCIP_270nm,61_DCIP_A_2hr_1b,61,DCIP,A,2,A,2,Sample,7179285,NA,0.922,0.95
DCIP_270nm,62_DCIP_A_2hr_2,62,DCIP,A,2,B,1,Sample,6209342,NA,0.797,0.94
DCIP_270nm,62_DCIP_A_2hr_2b,62,DCIP,A,2,B,2,Sample,6114444,NA,0.785,0.94
DCIP_270nm,63_DCIP_A_2hr_3,63,DCIP,A,2,C,1,Sample,5773372,NA,0.741,0.93
DCIP_270nm,63_DCIP_A_2hr_3b,63,DCIP,A,2,C,2,Sample,5696816,NA,0.731,0.94
DCIP_270nm,64_DCIP_A_4hr_1,64,DCIP,A,4,A,1,Sample,4403490,NA,0.565,0.93
DCIP_270nm,64_DCIP_A_4hr_1b,64,DCIP,A,4,A,2,Sample,4307152,NA,0.553,0.94
DCIP_270nm,65_DCIP_A_4hr_2,65,DCIP,A,4,B,1,Sample,5639294,NA,0.724,0.93
DCIP_270nm,65_DCIP_A_4hr_2b,65,DCIP,A,4,B,2,Sample,5585706,NA,0.717,0.94
DCIP_270nm,66_DCIP_A_4hr_3,66,DCIP,A,4,C,1,Sample,4735840,NA,0.608,0.94
DCIP_270nm,66_DCIP_A_4hr_3b,66,DCIP,A,4,C,2,Sample,4695189,NA,0.603,0.94
DCIP_270nm,67_DCIP_B_1hr_1,67,DCIP,B,1,A,1,Sample,2132394,NA,0.274,0.93
DCIP_270nm,67_DCIP_B_1hr_1b,67,DCIP,B,1,A,2,Sample,2132478,NA,0.274,0.93
DCIP_270nm,68_DCIP_B_1hr_2,68,DCIP,B,1,B,1,Sample,2269433,NA,0.291,0.93
DCIP_270nm,68_DCIP_B_1hr_2b,68,DCIP,B,1,B,2,Sample,2350038,NA,0.302,0.93
DCIP_270nm,69_DCIP_B_1hr_3,69,DCIP,B,1,C,1,Sample,2167766,NA,0.278,0.93
DCIP_270nm,69_DCIP_B_1hr_3b,69,DCIP,B,1,C,2,Sample,2214260,NA,0.284,0.93
DCIP_270nm,70_DCIP_B_2hr_1,70,DCIP,B,2,A,1,Sample,1659996,NA,0.213,0.93
DCIP_270nm,70_DCIP_B_2hr_1b,70,DCIP,B,2,A,2,Sample,1665532,NA,0.214,0.93
DCIP_270nm,71_DCIP_B_2hr_2,71,DCIP,B,2,B,1,Sample,1851395,NA,0.238,0.92
DCIP_270nm,71_DCIP_B_2hr_2b,71,DCIP,B,2,B,2,Sample,1840964,NA,0.236,0.92
DCIP_270nm,72_DCIP_B_2hr_3,72,DCIP,B,2,C,1,Sample,1502562,NA,0.193,0.92
DCIP_270nm,72_DCIP_B_2hr_3b,72,DCIP,B,2,C,2,Sample,1503442,NA,0.193,0.93
DCIP_270nm,73_DCIP_B_4hr_1,73,DCIP,B,4,A,1,Sample,1650852,NA,0.212,0.92
DCIP_270nm,73_DCIP_B_4hr_1b,73,DCIP,B,4,A,2,Sample,1621028,NA,0.208,0.93
DCIP_270nm,74_DCIP_B_4hr_2,74,DCIP,B,4,B,1,Sample,1478448,NA,0.19,0.93
DCIP_270nm,74_DCIP_B_4hr_2b,74,DCIP,B,4,B,2,Sample,1476254,NA,0.19,0.93
DCIP_270nm,75_DCIP_B_4hr_3,75,DCIP,B,4,C,1,Sample,1236851,NA,0.159,0.92
DCIP_270nm,75_DCIP_B_4hr_3b,75,DCIP,B,4,C,2,Sample,1248374,NA,0.16,0.93
DCIP_270nm,76_DCIP_C_1hr_1,76,DCIP,C,1,A,1,Sample,5432074,NA,0.697,0.94
DCIP_270nm,76_DCIP_C_1hr_1b,76,DCIP,C,1,A,2,Sample,5535958,NA,0.711,0.94
DCIP_270nm,77_DCIP_C_1hr_2,77,DCIP,C,1,B,1,Sample,4827082,NA,0.62,0.94
DCIP_270nm,77_DCIP_C_1hr_2b,77,DCIP,C,1,B,2,Sample,4829572,NA,0.62,0.94
DCIP_270nm,78_DCIP_C_1hr_3,78,DCIP,C,1,C,1,Sample,6223115,NA,0.799,0.94
DCIP_270nm,78_DCIP_C_1hr_3b,78,DCIP,C,1,C,2,Sample,6226116,NA,0.799,0.94
DCIP_270nm,79_DCIP_C_2hr_1,79,DCIP,C,2,A,1,Sample,6404769,NA,0.822,0.94
DCIP_270nm,79_DCIP_C_2hr_1b,79,DCIP,C,2,A,2,Sample,6233928,NA,0.8,0.94
DCIP_270nm,80_DCIP_C_2hr_2,80,DCIP,C,2,B,1,Sample,4973262,NA,0.639,0.94
DCIP_270nm,80_DCIP_C_2hr_2b,80,DCIP,C,2,B,2,Sample,4980403,NA,0.639,0.94
DCIP_270nm,81_DCIP_C_2hr_3,81,DCIP,C,2,C,1,Sample,6302021,NA,0.809,0.94
DCIP_270nm,81_DCIP_C_2hr_3b,81,DCIP,C,2,C,2,Sample,6431802,NA,0.826,0.95
DCIP_270nm,82_DCIP_C_4hr_1,82,DCIP,C,4,A,1,Sample,4003970,NA,0.514,0.94
DCIP_270nm,82_DCIP_C_4hr_1b,82,DCIP,C,4,A,2,Sample,4000077,NA,0.514,0.94
DCIP_270nm,83_DCIP_C_4hr_2,83,DCIP,C,4,B,1,Sample,3703552,NA,0.475,0.93
DCIP_270nm,83_DCIP_C_4hr_2b,83,DCIP,C,4,B,2,Sample,3788362,NA,0.486,0.95
DCIP_270nm,84_DCIP_C_4hr_3,84,DCIP,C,4,C,1,Sample,4088068,NA,0.525,0.94
DCIP_270nm,84_DCIP_C_4hr_3b,84,DCIP,C,4,C,2,Sample,4018186,NA,0.516,0.94
DCIP_270nm,85_DCIP_Dgs_1hr_1,85,DCIP,Dgs,1,A,1,Sample,3298833,NA,0.424,0.93
DCIP_270nm,85_DCIP_Dgs_1hr_1b,85,DCIP,Dgs,1,A,2,Sample,3344838,NA,0.429,0.94
DCIP_270nm,86_DCIP_Dgs_1hr_2,86,DCIP,Dgs,1,B,1,Sample,3123293,NA,0.401,0.94
DCIP_270nm,86_DCIP_Dgs_1hr_2b,86,DCIP,Dgs,1,B,2,Sample,3313906,NA,0.425,0.94
DCIP_270nm,87_DCIP_Dgs_1hr_3,87,DCIP,Dgs,1,C,1,Sample,3299319,NA,0.424,0.94
DCIP_270nm,87_DCIP_Dgs_1hr_3b,87,DCIP,Dgs,1,C,2,Sample,3352147,NA,0.43,0.94
DCIP_270nm,88_DCIP_Dgs_2hr_1,88,DCIP,Dgs,2,A,1,Sample,2861793,NA,0.367,0.94
DCIP_270nm,88_DCIP_Dgs_2hr_1b,88,DCIP,Dgs,2,A,2,Sample,2895175,NA,0.372,0.94
DCIP_270nm,89_DCIP_Dgs_2hr_2,89,DCIP,Dgs,2,B,1,Sample,2997937,NA,0.385,0.93
DCIP_270nm,89_DCIP_Dgs_2hr_2b,89,DCIP,Dgs,2,B,2,Sample,3123821,NA,0.401,0.94
DCIP_270nm,90_DCIP_Dgs_2hr_3,90,DCIP,Dgs,2,C,1,Sample,2975199,NA,0.382,0.94
DCIP_270nm,90_DCIP_Dgs_2hr_3b,90,DCIP,Dgs,2,C,2,Sample,3075128,NA,0.395,0.94
DCIP_270nm,91_DCIP_Dgs_4hr_1,91,DCIP,Dgs,4,A,1,Sample,2691728,NA,0.346,0.94
DCIP_270nm,91_DCIP_Dgs_4hr_1b,91,DCIP,Dgs,4,A,2,Sample,2791904,NA,0.358,0.94
DCIP_270nm,92_DCIP_Dgs_4hr_2,92,DCIP,Dgs,4,B,1,Sample,2675967,NA,0.344,0.94
DCIP_270nm,92_DCIP_Dgs_4hr_2b,92,DCIP,Dgs,4,B,2,Sample,2688712,NA,0.345,0.94
DCIP_270nm,93_DCIP_Dgs_4hr_3,93,DCIP,Dgs,4,C,1,Sample,2798764,NA,0.359,0.93
DCIP_270nm,93_DCIP_Dgs_4hr_3b,93,DCIP,Dgs,4,C,2,Sample,3115909,NA,0.4,0.94
DCIP_270nm,94_DCIP_Dfo_1hr_1,94,DCIP,Dfo,1,A,1,Sample,2668142,NA,0.343,0.94
DCIP_270nm,94_DCIP_Dfo_1hr_1b,94,DCIP,Dfo,1,A,2,Sample,2632482,NA,0.338,0.94
DCIP_270nm,95_DCIP_Dfo_1hr_2,95,DCIP,Dfo,1,B,1,Sample,2623442,NA,0.337,0.93
DCIP_270nm,95_DCIP_Dfo_1hr_2b,95,DCIP,Dfo,1,B,2,Sample,2670130,NA,0.343,0.94
DCIP_270nm,96_DCIP_Dfo_1hr_3,96,DCIP,Dfo,1,C,1,Sample,2240933,NA,0.288,0.93
DCIP_270nm,96_DCIP_Dfo_1hr_3b,96,DCIP,Dfo,1,C,2,Sample,2223959,NA,0.286,0.94
DCIP_270nm,97_DCIP_Dfo_2hr_1,97,DCIP,Dfo,2,A,1,Sample,1272077,NA,0.163,0.93
DCIP_270nm,97_DCIP_Dfo_2hr_1b,97,DCIP,Dfo,2,A,2,Sample,1121511,NA,0.144,0.93
DCIP_270nm,98_DCIP_Dfo_2hr_2,98,DCIP,Dfo,2,B,1,Sample,1525518,NA,0.196,0.93
DCIP_270nm,98_DCIP_Dfo_2hr_2b,98,DCIP,Dfo,2,B,2,Sample,1555376,NA,0.2,0.94
DCIP_270nm,99_DCIP_Dfo_2hr_3,99,DCIP,Dfo,2,C,1,Sample,713159,NA,0.092,0.92
DCIP_270nm,99_DCIP_Dfo_2hr_3b,99,DCIP,Dfo,2,C,2,Sample,711881,NA,0.091,0.93
DCIP_270nm,100_DCIP_Dfo_4hr_1,100,DCIP,Dfo,4,A,1,Sample,1859268,NA,0.239,0.93
DCIP_270nm,100_DCIP_Dfo_4hr_1b,100,DCIP,Dfo,4,A,2,Sample,1905446,NA,0.245,0.93
DCIP_270nm,101_DCIP_Dfo_4hr_2,101,DCIP,Dfo,4,B,1,Sample,1369154,NA,0.176,0.93
DCIP_270nm,101_DCIP_Dfo_4hr_2b,101,DCIP,Dfo,4,B,2,Sample,1346036,NA,0.173,0.93
DCIP_270nm,102_DCIP_Dfo_4hr_3,102,DCIP,Dfo,4,C,1,Sample,2401742,NA,0.308,0.93
DCIP_270nm,102_DCIP_Dfo_4hr_3b,102,DCIP,Dfo,4,C,2,Sample,2375305,NA,0.305,0.94
DCIP_270nm,103_DCIP_Drc_1hr_1,103,DCIP,Drc,1,A,1,Sample,3060650,NA,0.393,0.93
DCIP_270nm,103_DCIP_Drc_1hr_1b,103,DCIP,Drc,1,A,2,Sample,3071649,NA,0.394,0.94
DCIP_270nm,104_DCIP_Drc_1hr_2,104,DCIP,Drc,1,B,1,Sample,2924705,NA,0.376,0.94
DCIP_270nm,104_DCIP_Drc_1hr_2b,104,DCIP,Drc,1,B,2,Sample,2927148,NA,0.376,0.94
DCIP_270nm,105_DCIP_Drc_1hr_3,105,DCIP,Drc,1,C,1,Sample,2725851,NA,0.35,0.94
DCIP_270nm,105_DCIP_Drc_1hr_3b,105,DCIP,Drc,1,C,2,Sample,2706874,NA,0.348,0.94
DCIP_270nm,106_DCIP_Drc_2hr_1,106,DCIP,Drc,2,A,1,Sample,2781974,NA,0.357,0.93
DCIP_270nm,106_DCIP_Drc_2hr_1b,106,DCIP,Drc,2,A,2,Sample,2863390,NA,0.368,0.93
DCIP_270nm,107_DCIP_Drc_2hr_2,107,DCIP,Drc,2,B,1,Sample,2496182,NA,0.32,0.93
DCIP_270nm,107_DCIP_Drc_2hr_2b,107,DCIP,Drc,2,B,2,Sample,2556597,NA,0.328,0.94
DCIP_270nm,108_DCIP_Drc_2hr_3,108,DCIP,Drc,2,C,1,Sample,2445498,NA,0.314,0.93
DCIP_270nm,108_DCIP_Drc_2hr_3b,108,DCIP,Drc,2,C,2,Sample,2587272,NA,0.332,0.94
DCIP_270nm,109_DCIP_Drc_4hr_1,109,DCIP,Drc,4,A,1,Sample,2651662,NA,0.34,0.94
DCIP_270nm,109_DCIP_Drc_4hr_1b,109,DCIP,Drc,4,A,2,Sample,2765329,NA,0.355,0.94
DCIP_270nm,110_DCIP_Drc_4hr_2,110,DCIP,Drc,4,B,1,Sample,2773750,NA,0.356,0.94
DCIP_270nm,110_DCIP_Drc_4hr_2b,110,DCIP,Drc,4,B,2,Sample,2923445,NA,0.375,0.94
DCIP_270nm,111_DCIP_Drc_4hr_3,111,DCIP,Drc,4,C,1,Sample,2493825,NA,0.32,0.94
DCIP_270nm,111_DCIP_Drc_4hr_3b,111,DCIP,Drc,4,C,2,Sample,2584823,NA,0.332,0.94
DCIP_270nm,ACN_01,NA,ACN,seq blank,NA,1,1,Blank,NA,NA,NA,NA
DCIP_270nm,ACN_01b,NA,ACN,seq blank,NA,1,2,Blank,NA,NA,NA,NA
DCIP_270nm,ACN_02,NA,ACN,seq blank,NA,2,1,Blank,NA,NA,NA,NA
DCIP_270nm,ACN_02b,NA,ACN,seq blank,NA,2,2,Blank,NA,NA,NA,NA
DCIP_270nm,ACN_03,NA,ACN,seq blank,NA,3,1,Blank,NA,NA,NA,NA
DCIP_270nm,ACN_03b,NA,ACN,seq blank,NA,3,2,Blank,NA,NA,NA,NA
DCIP_270nm,ACN_04,NA,ACN,seq blank,NA,4,1,Blank,NA,NA,NA,NA
DCIP_270nm,ACN_04b,NA,ACN,seq blank,NA,4,2,Blank,NA,NA,NA,NA
DCIP_270nm,ACN_05,NA,ACN,seq blank,NA,5,1,Blank,NA,NA,NA,NA
DCIP_270nm,ACN_05b,NA,ACN,seq blank,NA,5,2,Blank,NA,NA,NA,NA
DCIP_270nm,ACN_06,NA,ACN,seq blank,NA,6,1,Blank,NA,NA,NA,NA
DCIP_270nm,ACN_06b,NA,ACN,seq blank,NA,6,2,Blank,NA,NA,NA,NA
DCIP_270nm,ACN_07,NA,ACN,seq blank,NA,7,1,Blank,NA,NA,NA,NA
DCIP_270nm,ACN_07b,NA,ACN,seq blank,NA,7,2,Blank,NA,NA,NA,NA
DCIP_270nm,ACN_08,NA,ACN,seq blank,NA,8,1,Blank,NA,NA,NA,NA
DCIP_270nm,ACN_08b,NA,ACN,seq blank,NA,8,2,Blank,NA,NA,NA,NA
DCIP_270nm,ACN_09,NA,ACN,seq blank,NA,9,1,Blank,NA,NA,NA,NA
DCIP_270nm,ACN_09b,NA,ACN,seq blank,NA,9,2,Blank,NA,NA,NA,NA
DCIP_270nm,ACN_10,NA,ACN,seq blank,NA,10,1,Blank,NA,NA,NA,NA
DCIP_270nm,ACN_10b,NA,ACN,seq blank,NA,10,2,Blank,NA,NA,NA,NA
DCIP_270nm,ACN_11,NA,ACN,seq blank,NA,11,1,Blank,NA,NA,NA,NA
DCIP_270nm,ACN_11b,NA,ACN,seq blank,NA,11,2,Blank,NA,NA,NA,NA
DCIP_270nm,ACN_12,NA,ACN,seq blank,NA,12,1,Blank,NA,NA,NA,NA
DCIP_270nm,ACN_12b,NA,ACN,seq blank,NA,12,2,Blank,NA,NA,NA,NA
DCIP_270nm,ACN_13,NA,ACN,seq blank,NA,13,1,Blank,NA,NA,NA,NA
DCIP_270nm,ACN_13b,NA,ACN,seq blank,NA,13,2,Blank,NA,NA,NA,NA
DCIP_270nm,ACN_14,NA,ACN,seq blank,NA,14,1,Blank,NA,NA,NA,NA
DCIP_270nm,ACN_14b,NA,ACN,seq blank,NA,14,2,Blank,NA,NA,NA,NA
DCIP_270nm,ACN_15,NA,ACN,seq blank,NA,15,1,Blank,NA,NA,NA,NA
DCIP_270nm,ACN_15b,NA,ACN,seq blank,NA,15,2,Blank,NA,NA,NA,NA
DCIP_270nm,ACN_16,NA,ACN,seq blank,NA,16,1,Blank,NA,NA,NA,NA
DCIP_270nm,ACN_16b,NA,ACN,seq blank,NA,16,2,Blank,NA,NA,NA,NA
DCIP_270nm,ACN_17,NA,ACN,seq blank,NA,17,1,Blank,NA,NA,NA,NA
DCIP_270nm,ACN_17b,NA,ACN,seq blank,NA,17,2,Blank,NA,NA,NA,NA
DCIP_270nm,ACN_18,NA,ACN,seq blank,NA,18,1,Blank,NA,NA,NA,NA
DCIP_270nm,ACN_18b,NA,ACN,seq blank,NA,18,2,Blank,NA,NA,NA,NA
DCIP_270nm,ACN_19,NA,ACN,seq blank,NA,19,1,Blank,NA,NA,NA,NA
DCIP_270nm,ACN_19b,NA,ACN,seq blank,NA,19,2,Blank,NA,NA,NA,NA
DCIP_270nm,ACN_20,NA,ACN,seq blank,NA,20,1,Blank,NA,NA,NA,NA
DCIP_270nm,ACN_20b,NA,ACN,seq blank,NA,20,2,Blank,NA,NA,NA,NA
DCIP_270nm,ACN_21,NA,ACN,seq blank,NA,21,1,Blank,NA,NA,NA,NA
DCIP_270nm,ACN_21b,NA,ACN,seq blank,NA,21,2,Blank,NA,NA,NA,NA
DCIP_270nm,ACN_22,NA,ACN,seq blank,NA,22,1,Blank,NA,NA,NA,NA
DCIP_270nm,ACN_22b,NA,ACN,seq blank,NA,22,2,Blank,NA,NA,NA,NA
DCIP_270nm,ACN_23,NA,ACN,seq blank,NA,23,1,Blank,NA,NA,NA,NA
DCIP_270nm,ACN_23b,NA,ACN,seq blank,NA,23,2,Blank,NA,NA,NA,NA
DCIP_270nm,ACN_24,NA,ACN,seq blank,NA,24,1,Blank,NA,NA,NA,NA
DCIP_270nm,ACN_24b,NA,ACN,seq blank,NA,24,2,Blank,NA,NA,NA,NA
DCIP_270nm,ACN_25,NA,ACN,seq blank,NA,25,1,Blank,NA,NA,NA,NA
DCIP_270nm,ACN_25b,NA,ACN,seq blank,NA,25,2,Blank,NA,NA,NA,NA
DCIP_270nm,ACN_cal_01,NA,ACN,cal blank,NA,1,NA,Blank,NA,NA,NA,NA
DCIP_270nm,ACN_cal_02,NA,ACN,cal blank,NA,2,NA,Blank,NA,NA,NA,NA
DCIP_270nm,ACN_cal_03,NA,ACN,cal blank,NA,3,NA,Blank,NA,NA,NA,NA
DCIP_270nm,ACN_cal_04,NA,ACN,cal blank,NA,4,NA,Blank,NA,NA,NA,NA
DCIP_270nm,ACN_cal_05,NA,ACN,cal blank,NA,5,NA,Blank,NA,NA,NA,NA
DCIP_270nm,ACN_cal_06,NA,ACN,cal blank,NA,6,NA,Blank,NA,NA,NA,NA
DCIP_270nm,ACN_cal_07,NA,ACN,cal blank,NA,7,NA,Blank,NA,NA,NA,NA
DCIP_270nm,ACN_cal_08,NA,ACN,cal blank,NA,8,NA,Blank,NA,NA,NA,NA
DCIP_270nm,ACN_cal_09,NA,ACN,cal blank,NA,9,NA,Blank,NA,NA,NA,NA
DCIP_270nm,ACN_cal_10,NA,ACN,cal blank,NA,10,NA,Blank,NA,NA,NA,NA
DCIP_270nm,ACN_cal_11,NA,ACN,cal blank,NA,11,NA,Blank,NA,NA,NA,NA
DCIP_270nm,ACN_cal_12,NA,ACN,cal blank,NA,12,NA,Blank,NA,NA,NA,NA
DCIP_270nm,ACN_cal_13,NA,ACN,cal blank,NA,13,NA,Blank,NA,NA,NA,NA
DCIP_270nm,ACN_cal_14,NA,ACN,cal blank,NA,14,NA,Blank,NA,NA,NA,NA
DCIP_270nm,DCIP_0-4mgmL_seq2,NA,DCIP,QC,NA,A,1,Sample,3517824,NA,0.452,0.94
DCIP_270nm,DCIP_0-4mgmL_seq2b,NA,DCIP,QC,NA,A,2,Sample,3278040,NA,0.421,0.93
DCIP_270nm,DCIP_0-4mgmL_seq3,NA,DCIP,QC,NA,A,3,Sample,3333230,NA,0.428,0.94
DCIP_270nm,DCIP_0-4mgmL_seq3b,NA,DCIP,QC,NA,A,5,Sample,3327787,NA,0.427,0.94
LDOPA_198mz,1_LDOPA_2mgmL-1,1,LDOPA,2mgmL,NA,A,1,Cal,1116828689,2,1.65,9.71
LDOPA_198mz,1_LDOPA_2mgmL-2,1,LDOPA,2mgmL,NA,A,1,Cal,1325532323,2,1.959,9.69
LDOPA_198mz,1_LDOPA_2mgmL-3,1,LDOPA,2mgmL,NA,A,1,Cal,1394818734,2,2.061,9.71
LDOPA_198mz,1_LDOPA_2mgmL-4,1,LDOPA,2mgmL,NA,A,1,Cal,1455188433,2,2.15,9.72
LDOPA_198mz,1_LDOPA_A_1hr_1,1,LDOPA,A,1,A,1,Sample,594775363,NA,0.879,9.75
LDOPA_198mz,1_LDOPA_A_1hr_1b,1,LDOPA,A,1,A,2,Sample,572949184,NA,0.847,9.75
LDOPA_198mz,2_LDOPA_0-4mgmL-1,2,LDOPA,0.4mgmL,NA,A,1,Cal,398758670,0.4,0.589,9.72
LDOPA_198mz,2_LDOPA_0-4mgmL-2,2,LDOPA,0.4mgmL,NA,A,1,Cal,418052562,0.4,0.618,9.72
LDOPA_198mz,2_LDOPA_0-4mgmL-3,2,LDOPA,0.4mgmL,NA,A,1,Cal,415647968,0.4,0.614,9.74
LDOPA_198mz,2_LDOPA_0-4mgmL-4,2,LDOPA,0.4mgmL,NA,A,1,Cal,429556264,0.4,0.635,9.72
LDOPA_198mz,2_LDOPA_A_1hr_2,2,LDOPA,A,1,B,1,Sample,666984500,NA,0.986,9.74
LDOPA_198mz,2_LDOPA_A_1hr_2b,2,LDOPA,A,1,B,2,Sample,585659809,NA,0.865,9.77
LDOPA_198mz,3_LDOPA_0-04mgmL-1,3,LDOPA,0.04mgmL,NA,A,1,Cal,120740132,0.04,0.178,9.76
LDOPA_198mz,3_LDOPA_0-04mgmL-2,3,LDOPA,0.04mgmL,NA,A,1,Cal,84644843,0.04,0.125,9.75
LDOPA_198mz,3_LDOPA_0-04mgmL-3,3,LDOPA,0.04mgmL,NA,A,1,Cal,83822602,0.04,0.124,9.76
LDOPA_198mz,3_LDOPA_0-04mgmL-4,3,LDOPA,0.04mgmL,NA,A,1,Cal,73629296,0.04,0.109,9.78
LDOPA_198mz,3_LDOPA_A_1hr_3,3,LDOPA,A,1,C,1,Sample,629613236,NA,0.93,9.73
LDOPA_198mz,3_LDOPA_A_1hr_3b,3,LDOPA,A,1,C,2,Sample,575836011,NA,0.851,9.77
LDOPA_198mz,4_LDOPA_0-008mgmL-1,4,LDOPA,0.008mgmL,NA,A,1,Cal,43362455,0.008,0.064,9.88
LDOPA_198mz,4_LDOPA_0-008mgmL-2,4,LDOPA,0.008mgmL,NA,A,1,Cal,22555690,0.008,0.033,9.81
LDOPA_198mz,4_LDOPA_0-008mgmL-3,4,LDOPA,0.008mgmL,NA,A,1,Cal,17917828,0.008,0.026,9.86
LDOPA_198mz,4_LDOPA_0-008mgmL-4,4,LDOPA,0.008mgmL,NA,A,1,Cal,NA,0.008,NA,NA
LDOPA_198mz,4_LDOPA_A_2hr_1,4,LDOPA,A,2,A,1,Sample,623484992,NA,0.921,9.76
LDOPA_198mz,4_LDOPA_A_2hr_1b,4,LDOPA,A,2,A,2,Sample,566126268,NA,0.837,9.76
LDOPA_198mz,5_LDOPA_0-0008mgmL-1,5,LDOPA,0.0008mgmL,NA,A,1,Cal,NA,0.001,NA,NA
LDOPA_198mz,5_LDOPA_0-0008mgmL-2,5,LDOPA,0.0008mgmL,NA,A,1,Cal,785258,0.001,0.001,9.88
LDOPA_198mz,5_LDOPA_0-0008mgmL-3,5,LDOPA,0.0008mgmL,NA,A,1,Cal,NA,0.001,NA,NA
LDOPA_198mz,5_LDOPA_0-0008mgmL-4,5,LDOPA,0.0008mgmL,NA,A,1,Cal,NA,0.001,NA,NA
LDOPA_198mz,5_LDOPA_A_2hr_2,5,LDOPA,A,2,B,1,Sample,589578189,NA,0.871,9.74
LDOPA_198mz,5_LDOPA_A_2hr_2b,5,LDOPA,A,2,B,2,Sample,562974593,NA,0.832,9.77
LDOPA_198mz,6_LDOPA_A_2hr_3,6,LDOPA,A,2,C,1,Sample,477955874,NA,0.706,9.74
LDOPA_198mz,6_LDOPA_A_2hr_3b,6,LDOPA,A,2,C,2,Sample,434875127,NA,0.643,9.74
LDOPA_198mz,6_LDOPA_B2ori_2mgmL-1,6,LDOPA,ori,0,A,1,Sample,960160534,NA,1.419,9.69
LDOPA_198mz,6_LDOPA_B2ori_2mgmL-2,6,LDOPA,ori,0,A,2,Sample,1151567202,NA,1.702,9.71
LDOPA_198mz,6_LDOPA_B2ori_2mgmL-3,6,LDOPA,ori,0,A,3,Sample,1131488378,NA,1.672,9.68
LDOPA_198mz,6_LDOPA_B2ori_2mgmL-4,6,LDOPA,ori,0,A,4,Sample,1236057547,NA,1.827,9.74
LDOPA_198mz,7_LDOPA_A_4hr_1,7,LDOPA,A,4,A,1,Sample,535306568,NA,0.791,9.74
LDOPA_198mz,7_LDOPA_A_4hr_1b,7,LDOPA,A,4,A,2,Sample,503217787,NA,0.744,9.76
LDOPA_198mz,8_LDOPA_A_4hr_2,8,LDOPA,A,4,B,1,Sample,550086762,NA,0.813,9.74
LDOPA_198mz,8_LDOPA_A_4hr_2b,8,LDOPA,A,4,B,2,Sample,538788055,NA,0.796,9.77
LDOPA_198mz,9_LDOPA_A_4hr_3,9,LDOPA,A,4,C,1,Sample,583501515,NA,0.862,9.75
LDOPA_198mz,9_LDOPA_A_4hr_3b,9,LDOPA,A,4,C,2,Sample,540088662,NA,0.798,9.77
LDOPA_198mz,10_LDOPA_B_1hr_1,10,LDOPA,B,1,A,1,Sample,440145199,NA,0.65,9.76
LDOPA_198mz,10_LDOPA_B_1hr_1b,10,LDOPA,B,1,A,2,Sample,376380689,NA,0.556,9.77
LDOPA_198mz,11_LDOPA_B_1hr_2,11,LDOPA,B,1,B,1,Sample,457565703,NA,0.676,9.75
LDOPA_198mz,11_LDOPA_B_1hr_2b,11,LDOPA,B,1,B,2,Sample,435869550,NA,0.644,9.76
LDOPA_198mz,12_LDOPA_B_1hr_3,12,LDOPA,B,1,C,1,Sample,407626018,NA,0.602,9.76
LDOPA_198mz,12_LDOPA_B_1hr_3b,12,LDOPA,B,1,C,2,Sample,361969542,NA,0.535,9.75
LDOPA_198mz,13_LDOPA_B_2hr_1,13,LDOPA,B,2,A,1,Sample,430572480,NA,0.636,9.73
LDOPA_198mz,13_LDOPA_B_2hr_1b,13,LDOPA,B,2,A,2,Sample,370511437,NA,0.548,9.75
LDOPA_198mz,14_LDOPA_B_2hr_2,14,LDOPA,B,2,B,1,Sample,458055847,NA,0.677,9.74
LDOPA_198mz,14_LDOPA_B_2hr_2b,14,LDOPA,B,2,B,2,Sample,396903102,NA,0.587,9.77
LDOPA_198mz,15_LDOPA_B_2hr_3,15,LDOPA,B,2,C,1,Sample,425523350,NA,0.629,9.76
LDOPA_198mz,15_LDOPA_B_2hr_3b,15,LDOPA,B,2,C,2,Sample,409241988,NA,0.605,9.77
LDOPA_198mz,16_LDOPA_B_4hr_1,16,LDOPA,B,4,A,1,Sample,331080814,NA,0.489,9.76
LDOPA_198mz,16_LDOPA_B_4hr_1b,16,LDOPA,B,4,A,2,Sample,280208870,NA,0.414,9.77
LDOPA_198mz,17_LDOPA_B_4hr_2,17,LDOPA,B,4,B,1,Sample,402407608,NA,0.595,9.76
LDOPA_198mz,17_LDOPA_B_4hr_2b,17,LDOPA,B,4,B,2,Sample,347719555,NA,0.514,9.77
LDOPA_198mz,18_LDOPA_B_4hr_3,18,LDOPA,B,4,C,1,Sample,421459626,NA,0.623,9.77
LDOPA_198mz,18_LDOPA_B_4hr_3b,18,LDOPA,B,4,C,2,Sample,398229364,NA,0.588,9.76
LDOPA_198mz,19_LDOPA_C_1hr_1,19,LDOPA,C,1,A,1,Sample,NA,NA,NA,NA
LDOPA_198mz,19_LDOPA_C_1hr_1b,19,LDOPA,C,1,A,2,Sample,NA,NA,NA,NA
LDOPA_198mz,20_LDOPA_C_1hr_2,20,LDOPA,C,1,B,1,Sample,NA,NA,NA,NA
LDOPA_198mz,20_LDOPA_C_1hr_2b,20,LDOPA,C,1,B,2,Sample,NA,NA,NA,NA
LDOPA_198mz,21_LDOPA_C_1hr_3,21,LDOPA,C,1,C,1,Sample,NA,NA,NA,NA
LDOPA_198mz,21_LDOPA_C_1hr_3b,21,LDOPA,C,1,C,2,Sample,NA,NA,NA,NA
LDOPA_198mz,22_LDOPA_C_2hr_1,22,LDOPA,C,2,A,1,Sample,NA,NA,NA,NA
LDOPA_198mz,22_LDOPA_C_2hr_1b,22,LDOPA,C,2,A,2,Sample,NA,NA,NA,NA
LDOPA_198mz,23_LDOPA_C_2hr_2,23,LDOPA,C,2,B,1,Sample,NA,NA,NA,NA
LDOPA_198mz,23_LDOPA_C_2hr_2b,23,LDOPA,C,2,B,2,Sample,NA,NA,NA,NA
LDOPA_198mz,24_LDOPA_C_2hr_3,24,LDOPA,C,2,C,1,Sample,NA,NA,NA,NA
LDOPA_198mz,24_LDOPA_C_2hr_3b,24,LDOPA,C,2,C,2,Sample,249343,NA,0,9.56
LDOPA_198mz,25_LDOPA_C_4hr_1,25,LDOPA,C,4,A,1,Sample,NA,NA,NA,NA
LDOPA_198mz,25_LDOPA_C_4hr_1b,25,LDOPA,C,4,A,2,Sample,NA,NA,NA,NA
LDOPA_198mz,26_LDOPA_C_4hr_2,26,LDOPA,C,4,B,1,Sample,NA,NA,NA,NA
LDOPA_198mz,26_LDOPA_C_4hr_2b,26,LDOPA,C,4,B,2,Sample,NA,NA,NA,NA
LDOPA_198mz,27_LDOPA_C_4hr_3,27,LDOPA,C,4,C,1,Sample,NA,NA,NA,NA
LDOPA_198mz,27_LDOPA_C_4hr_3b,27,LDOPA,C,4,C,2,Sample,NA,NA,NA,NA
LDOPA_198mz,28_LDOPA_Dgs_1hr_1,28,LDOPA,Dgs,1,A,1,Sample,29787196,NA,0.044,9.86
LDOPA_198mz,28_LDOPA_Dgs_1hr_1b,28,LDOPA,Dgs,1,A,2,Sample,529885,NA,0.001,9.59
LDOPA_198mz,29_LDOPA_Dgs_1hr_2,29,LDOPA,Dgs,1,B,1,Sample,128213710,NA,0.189,9.74
LDOPA_198mz,29_LDOPA_Dgs_1hr_2b,29,LDOPA,Dgs,1,B,2,Sample,70203236,NA,0.104,9.81
LDOPA_198mz,30_LDOPA_Dgs_1hr_3,30,LDOPA,Dgs,1,C,1,Sample,116051853,NA,0.171,9.76
LDOPA_198mz,30_LDOPA_Dgs_1hr_3b,30,LDOPA,Dgs,1,C,2,Sample,43944794,NA,0.065,9.81
LDOPA_198mz,31_LDOPA_Dgs_2hr_1,31,LDOPA,Dgs,2,A,1,Sample,29826213,NA,0.044,9.88
LDOPA_198mz,31_LDOPA_Dgs_2hr_1b,31,LDOPA,Dgs,2,A,2,Sample,NA,NA,NA,NA
LDOPA_198mz,32_LDOPA_Dgs_2hr_2,32,LDOPA,Dgs,2,B,1,Sample,56264286,NA,0.083,9.81
LDOPA_198mz,32_LDOPA_Dgs_2hr_2b,32,LDOPA,Dgs,2,B,2,Sample,NA,NA,NA,NA
LDOPA_198mz,33_LDOPA_Dgs_2hr_3,33,LDOPA,Dgs,2,C,1,Sample,49320261,NA,0.073,9.84
LDOPA_198mz,33_LDOPA_Dgs_2hr_3b,33,LDOPA,Dgs,2,C,2,Sample,NA,NA,NA,NA
LDOPA_198mz,34_LDOPA_Dgs_4hr_1,34,LDOPA,Dgs,4,A,1,Sample,NA,NA,NA,NA
LDOPA_198mz,34_LDOPA_Dgs_4hr_1b,34,LDOPA,Dgs,4,A,2,Sample,NA,NA,NA,NA
LDOPA_198mz,35_LDOPA_Dgs_4hr_2,35,LDOPA,Dgs,4,B,1,Sample,10783370,NA,0.016,9.88
LDOPA_198mz,35_LDOPA_Dgs_4hr_2b,35,LDOPA,Dgs,4,B,2,Sample,NA,NA,NA,NA
LDOPA_198mz,36_LDOPA_Dgs_4hr_3,36,LDOPA,Dgs,4,C,1,Sample,54870,NA,0,9.78
LDOPA_198mz,36_LDOPA_Dgs_4hr_3b,36,LDOPA,Dgs,4,C,2,Sample,16339,NA,0,9.88
LDOPA_198mz,37_LDOPA_Dfo_1hr_1,37,LDOPA,Dfo,1,A,1,Sample,314799634,NA,0.465,9.75
LDOPA_198mz,37_LDOPA_Dfo_1hr_1b,37,LDOPA,Dfo,1,A,2,Sample,261513800,NA,0.386,9.74
LDOPA_198mz,38_LDOPA_Dfo_1hr_2,38,LDOPA,Dfo,1,B,1,Sample,395512079,NA,0.584,9.72
LDOPA_198mz,38_LDOPA_Dfo_1hr_2b,38,LDOPA,Dfo,1,B,2,Sample,313961447,NA,0.464,9.77
LDOPA_198mz,39_LDOPA_Dfo_1hr_3,39,LDOPA,Dfo,1,C,1,Sample,332599722,NA,0.492,9.75
LDOPA_198mz,39_LDOPA_Dfo_1hr_3b,39,LDOPA,Dfo,1,C,2,Sample,258088772,NA,0.381,9.77
LDOPA_198mz,40_LDOPA_Dfo_2hr_1,40,LDOPA,Dfo,2,A,1,Sample,332648559,NA,0.492,9.75
LDOPA_198mz,40_LDOPA_Dfo_2hr_1b,40,LDOPA,Dfo,2,A,2,Sample,266578773,NA,0.394,9.78
LDOPA_198mz,41_LDOPA_Dfo_2hr_2,41,LDOPA,Dfo,2,B,1,Sample,265520347,NA,0.392,9.79
LDOPA_198mz,41_LDOPA_Dfo_2hr_2b,41,LDOPA,Dfo,2,B,2,Sample,218569846,NA,0.323,9.79
LDOPA_198mz,42_LDOPA_Dfo_2hr_3,42,LDOPA,Dfo,2,C,1,Sample,295974548,NA,0.437,9.77
LDOPA_198mz,42_LDOPA_Dfo_2hr_3b,42,LDOPA,Dfo,2,C,2,Sample,255763503,NA,0.378,9.79
LDOPA_198mz,43_LDOPA_Dfo_4hr_1,43,LDOPA,Dfo,4,A,1,Sample,326850644,NA,0.483,9.78
LDOPA_198mz,43_LDOPA_Dfo_4hr_1b,43,LDOPA,Dfo,4,A,2,Sample,299547510,NA,0.443,9.8
LDOPA_198mz,44_LDOPA_Dfo_4hr_2,44,LDOPA,Dfo,4,B,1,Sample,300764762,NA,0.444,9.79
LDOPA_198mz,44_LDOPA_Dfo_4hr_2b,44,LDOPA,Dfo,4,B,2,Sample,269640972,NA,0.398,9.81
LDOPA_198mz,45_LDOPA_Dfo_4hr_3,45,LDOPA,Dfo,4,C,1,Sample,302666901,NA,0.447,9.76
LDOPA_198mz,45_LDOPA_Dfo_4hr_3b,45,LDOPA,Dfo,4,C,2,Sample,255516326,NA,0.378,9.81
LDOPA_198mz,46_LDOPA_Drc_1hr_1,46,LDOPA,Drc,1,A,1,Sample,89082621,NA,0.132,9.82
LDOPA_198mz,46_LDOPA_Drc_1hr_1b,46,LDOPA,Drc,1,A,2,Sample,49361557,NA,0.073,9.85
LDOPA_198mz,47_LDOPA_Drc_1hr_2,47,LDOPA,Drc,1,B,1,Sample,75557601,NA,0.112,9.85
LDOPA_198mz,47_LDOPA_Drc_1hr_2b,47,LDOPA,Drc,1,B,2,Sample,26422510,NA,0.039,9.87
LDOPA_198mz,48_LDOPA_Drc_1hr_3,48,LDOPA,Drc,1,C,1,Sample,88765963,NA,0.131,9.83
LDOPA_198mz,48_LDOPA_Drc_1hr_3b,48,LDOPA,Drc,1,C,2,Sample,31717839,NA,0.047,9.86
LDOPA_198mz,49_LDOPA_Drc_2hr_1,49,LDOPA,Drc,2,A,1,Sample,66567263,NA,0.098,9.84
LDOPA_198mz,49_LDOPA_Drc_2hr_1b,49,LDOPA,Drc,2,A,2,Sample,NA,NA,NA,NA
LDOPA_198mz,50_LDOPA_Drc_2hr_2,50,LDOPA,Drc,2,B,1,Sample,NA,NA,NA,NA
LDOPA_198mz,50_LDOPA_Drc_2hr_2b,50,LDOPA,Drc,2,B,2,Sample,NA,NA,NA,NA
LDOPA_198mz,51_LDOPA_Drc_2hr_3,51,LDOPA,Drc,2,C,1,Sample,63600472,NA,0.094,9.84
LDOPA_198mz,51_LDOPA_Drc_2hr_3b,51,LDOPA,Drc,2,C,2,Sample,NA,NA,NA,NA
LDOPA_198mz,52_LDOPA_Drc_4hr_1,52,LDOPA,Drc,4,A,1,Sample,NA,NA,NA,NA
LDOPA_198mz,52_LDOPA_Drc_4hr_1b,52,LDOPA,Drc,4,A,2,Sample,445035,NA,0.001,9.81
LDOPA_198mz,53_LDOPA_Drc_4hr_2,53,LDOPA,Drc,4,B,1,Sample,NA,NA,NA,NA
LDOPA_198mz,53_LDOPA_Drc_4hr_2b,53,LDOPA,Drc,4,B,2,Sample,320325,NA,0,9.8
LDOPA_198mz,54_LDOPA_Drc_4hr_3,54,LDOPA,Drc,4,C,1,Sample,NA,NA,NA,NA
LDOPA_198mz,54_LDOPA_Drc_4hr_3b,54,LDOPA,Drc,4,C,2,Sample,181410,NA,0,9.7
LDOPA_198mz,55_LDOPA_A_4hr_5,55,LDOPA,A,4,D,1,Sample,502234678,NA,0.742,9.76
LDOPA_198mz,55_LDOPA_A_4hr_5b,55,LDOPA,A,4,D,2,Sample,459636961,NA,0.679,9.79
LDOPA_198mz,56_LDOPA_A_4hr_6,56,LDOPA,A,4,E,1,Sample,622890419,NA,0.92,9.79
LDOPA_198mz,56_LDOPA_A_4hr_6b,56,LDOPA,A,4,E,2,Sample,635526566,NA,0.939,9.78
LDOPA_198mz,57_LDOPA_A_4hr_7,57,LDOPA,A,4,F,1,Sample,641854813,NA,0.949,9.75
LDOPA_198mz,57_LDOPA_A_4hr_7b,57,LDOPA,A,4,F,2,Sample,647373875,NA,0.957,9.79
LDOPA_198mz,ACN_01,NA,ACN,seq blank,NA,1,1,Blank,NA,NA,NA,NA
LDOPA_198mz,ACN_01b,NA,ACN,seq blank,NA,1,2,Blank,NA,NA,NA,NA
LDOPA_198mz,ACN_02,NA,ACN,seq blank,NA,2,1,Blank,NA,NA,NA,NA
LDOPA_198mz,ACN_02b,NA,ACN,seq blank,NA,2,2,Blank,NA,NA,NA,NA
LDOPA_198mz,ACN_03,NA,ACN,seq blank,NA,3,1,Blank,NA,NA,NA,NA
LDOPA_198mz,ACN_03b,NA,ACN,seq blank,NA,3,2,Blank,NA,NA,NA,NA
LDOPA_198mz,ACN_04,NA,ACN,seq blank,NA,4,1,Blank,NA,NA,NA,NA
LDOPA_198mz,ACN_04b,NA,ACN,seq blank,NA,4,2,Blank,NA,NA,NA,NA
LDOPA_198mz,ACN_05,NA,ACN,seq blank,NA,5,1,Blank,NA,NA,NA,NA
LDOPA_198mz,ACN_05b,NA,ACN,seq blank,NA,5,2,Blank,NA,NA,NA,NA
LDOPA_198mz,ACN_06,NA,ACN,seq blank,NA,6,1,Blank,469419,NA,0.001,9.55
LDOPA_198mz,ACN_06b,NA,ACN,seq blank,NA,6,2,Blank,207996,NA,0,9.55
LDOPA_198mz,ACN_07,NA,ACN,seq blank,NA,7,1,Blank,NA,NA,NA,NA
LDOPA_198mz,ACN_07b,NA,ACN,seq blank,NA,7,2,Blank,NA,NA,NA,NA
LDOPA_198mz,ACN_08,NA,ACN,seq blank,NA,8,1,Blank,NA,NA,NA,NA
LDOPA_198mz,ACN_08b,NA,ACN,seq blank,NA,8,2,Blank,NA,NA,NA,NA
LDOPA_198mz,ACN_09,NA,ACN,seq blank,NA,9,1,Blank,NA,NA,NA,NA
LDOPA_198mz,ACN_09b,NA,ACN,seq blank,NA,9,2,Blank,NA,NA,NA,NA
LDOPA_198mz,ACN_10,NA,ACN,seq blank,NA,10,1,Blank,NA,NA,NA,NA
LDOPA_198mz,ACN_10b,NA,ACN,seq blank,NA,10,2,Blank,NA,NA,NA,NA
LDOPA_198mz,ACN_11,NA,ACN,seq blank,NA,11,1,Blank,NA,NA,NA,NA
LDOPA_198mz,ACN_11b,NA,ACN,seq blank,NA,11,2,Blank,NA,NA,NA,NA
LDOPA_198mz,ACN_12,NA,ACN,seq blank,NA,12,1,Blank,NA,NA,NA,NA
LDOPA_198mz,ACN_12b,NA,ACN,seq blank,NA,12,2,Blank,NA,NA,NA,NA
LDOPA_198mz,ACN_13,NA,ACN,seq blank,NA,13,1,Blank,NA,NA,NA,NA
LDOPA_198mz,ACN_13b,NA,ACN,seq blank,NA,13,2,Blank,NA,NA,NA,NA
LDOPA_198mz,ACN_14,NA,ACN,seq blank,NA,14,1,Blank,NA,NA,NA,NA
LDOPA_198mz,ACN_14b,NA,ACN,seq blank,NA,14,2,Blank,NA,NA,NA,NA
LDOPA_198mz,ACN_15,NA,ACN,seq blank,NA,15,1,Blank,5548,NA,0,9.77
LDOPA_198mz,ACN_15b,NA,ACN,seq blank,NA,15,2,Blank,NA,NA,NA,NA
LDOPA_198mz,ACN_16,NA,ACN,seq blank,NA,16,1,Blank,12925,NA,0,9.61
LDOPA_198mz,ACN_16b,NA,ACN,seq blank,NA,16,2,Blank,NA,NA,NA,NA
LDOPA_198mz,ACN_17,NA,ACN,seq blank,NA,17,1,Blank,7922,NA,0,9.82
LDOPA_198mz,ACN_17b,NA,ACN,seq blank,NA,17,2,Blank,3076,NA,0,9.7
LDOPA_198mz,ACN_18,NA,ACN,seq blank,NA,18,1,Blank,10630,NA,0,9.66
LDOPA_198mz,ACN_18b,NA,ACN,seq blank,NA,18,2,Blank,NA,NA,NA,NA
LDOPA_198mz,ACN_19,NA,ACN,seq blank,NA,19,1,Blank,8383,NA,0,9.83
LDOPA_198mz,ACN_19b,NA,ACN,seq blank,NA,19,2,Blank,NA,NA,NA,NA
LDOPA_198mz,ACN_20,NA,ACN,seq blank,NA,20,1,Blank,5581,NA,0,9.82
LDOPA_198mz,ACN_20b,NA,ACN,seq blank,NA,20,2,Blank,NA,NA,NA,NA
LDOPA_198mz,ACN_21,NA,ACN,seq blank,NA,21,1,Blank,NA,NA,NA,NA
LDOPA_198mz,ACN_21b,NA,ACN,seq blank,NA,21,2,Blank,NA,NA,NA,NA
LDOPA_198mz,ACN_22,NA,ACN,seq blank,NA,22,1,Blank,4099,NA,0,9.79
LDOPA_198mz,ACN_22b,NA,ACN,seq blank,NA,22,2,Blank,NA,NA,NA,NA
LDOPA_198mz,ACN_23,NA,ACN,seq blank,NA,23,1,Blank,NA,NA,NA,NA
LDOPA_198mz,ACN_23b,NA,ACN,seq blank,NA,23,2,Blank,NA,NA,NA,NA
LDOPA_198mz,ACN_24,NA,ACN,seq blank,NA,24,1,Blank,NA,NA,NA,NA
LDOPA_198mz,ACN_24b,NA,ACN,seq blank,NA,24,2,Blank,3227,NA,0,9.74
LDOPA_198mz,ACN_25,NA,ACN,seq blank,NA,25,1,Blank,NA,NA,NA,NA
LDOPA_198mz,ACN_25b,NA,ACN,seq blank,NA,25,2,Blank,NA,NA,NA,NA
LDOPA_198mz,ACN_cal_01,NA,ACN,cal blank,NA,1,NA,Blank,NA,NA,NA,NA
LDOPA_198mz,ACN_cal_02,NA,ACN,cal blank,NA,2,NA,Blank,NA,NA,NA,NA
LDOPA_198mz,ACN_cal_03,NA,ACN,cal blank,NA,3,NA,Blank,NA,NA,NA,NA
LDOPA_198mz,ACN_cal_04,NA,ACN,cal blank,NA,4,NA,Blank,NA,NA,NA,NA
LDOPA_198mz,ACN_cal_05,NA,ACN,cal blank,NA,5,NA,Blank,NA,NA,NA,NA
LDOPA_198mz,ACN_cal_06,NA,ACN,cal blank,NA,6,NA,Blank,NA,NA,NA,NA
LDOPA_198mz,ACN_cal_07,NA,ACN,cal blank,NA,7,NA,Blank,NA,NA,NA,NA
LDOPA_198mz,ACN_cal_08,NA,ACN,cal blank,NA,8,NA,Blank,NA,NA,NA,NA
LDOPA_198mz,ACN_cal_09,NA,ACN,cal blank,NA,9,NA,Blank,NA,NA,NA,NA
LDOPA_198mz,ACN_cal_10,NA,ACN,cal blank,NA,10,NA,Blank,NA,NA,NA,NA
LDOPA_198mz,ACN_cal_11,NA,ACN,cal blank,NA,11,NA,Blank,NA,NA,NA,NA
LDOPA_198mz,ACN_cal_12,NA,ACN,cal blank,NA,12,NA,Blank,NA,NA,NA,NA
LDOPA_198mz,ACN_cal_13,NA,ACN,cal blank,NA,13,NA,Blank,NA,NA,NA,NA
LDOPA_198mz,ACN_cal_14,NA,ACN,cal blank,NA,14,NA,Blank,NA,NA,NA,NA
LDOPA_198mz,LDOPA_0-4mgmL,NA,LDOPA,QC,NA,A,1,Sample,272843039,NA,0.403,9.7
LDOPA_198mz,LDOPA_0-4mgmL_1b,NA,LDOPA,QC,NA,A,2,Sample,308196425,NA,0.455,9.76
LDOPA_280nm,1_LDOPA_2mgmL-1,1,LDOPA,2mgmL,NA,B,2,Cal,6470864,2,2.048,9.75
LDOPA_280nm,1_LDOPA_2mgmL-2,1,LDOPA,2mgmL,NA,B,2,Cal,6440104,2,2.038,9.74
LDOPA_280nm,1_LDOPA_2mgmL-3,1,LDOPA,2mgmL,NA,B,2,Cal,6134511,2,1.941,9.76
LDOPA_280nm,1_LDOPA_2mgmL-4,1,LDOPA,2mgmL,NA,B,2,Cal,6294364,2,1.992,9.77
LDOPA_280nm,1_LDOPA_A_1hr_1,1,LDOPA,A,1,A,1,Sample,2524474,NA,0.799,9.79
LDOPA_280nm,1_LDOPA_A_1hr_1b,1,LDOPA,A,1,A,2,Sample,2451534,NA,0.776,9.81
LDOPA_280nm,2_LDOPA_0-4mgmL-1,2,LDOPA,0.4mgmL,NA,B,2,Cal,1193012,0.4,0.378,9.76
LDOPA_280nm,2_LDOPA_0-4mgmL-2,2,LDOPA,0.4mgmL,NA,B,2,Cal,1189216,0.4,0.376,9.77
LDOPA_280nm,2_LDOPA_0-4mgmL-3,2,LDOPA,0.4mgmL,NA,B,2,Cal,1224913,0.4,0.388,9.78
LDOPA_280nm,2_LDOPA_0-4mgmL-4,2,LDOPA,0.4mgmL,NA,B,2,Cal,1182169,0.4,0.374,9.78
LDOPA_280nm,2_LDOPA_A_1hr_2,2,LDOPA,A,1,B,1,Sample,2573204,NA,0.814,9.79
LDOPA_280nm,2_LDOPA_A_1hr_2b,2,LDOPA,A,1,B,2,Sample,2617865,NA,0.828,9.81
LDOPA_280nm,3_LDOPA_0-04mgmL-1,3,LDOPA,0.04mgmL,NA,B,2,Cal,72183,0.04,0.023,9.81
LDOPA_280nm,3_LDOPA_0-04mgmL-2,3,LDOPA,0.04mgmL,NA,B,2,Cal,77823,0.04,0.025,9.81
LDOPA_280nm,3_LDOPA_0-04mgmL-3,3,LDOPA,0.04mgmL,NA,B,2,Cal,76855,0.04,0.024,9.82
LDOPA_280nm,3_LDOPA_0-04mgmL-4,3,LDOPA,0.04mgmL,NA,B,2,Cal,68473,0.04,0.022,9.84
LDOPA_280nm,3_LDOPA_A_1hr_3,3,LDOPA,A,1,C,1,Sample,2451257,NA,0.776,9.8
LDOPA_280nm,3_LDOPA_A_1hr_3b,3,LDOPA,A,1,C,2,Sample,2319750,NA,0.734,9.82
LDOPA_280nm,4_LDOPA_0-008mgmL-1,4,LDOPA,0.008mgmL,NA,B,2,Cal,6327,0.008,0.002,9.91
LDOPA_280nm,4_LDOPA_0-008mgmL-2,4,LDOPA,0.008mgmL,NA,B,2,Cal,6102,0.008,0.002,9.88
LDOPA_280nm,4_LDOPA_0-008mgmL-3,4,LDOPA,0.008mgmL,NA,B,2,Cal,3808,0.008,0.001,9.91
LDOPA_280nm,4_LDOPA_0-008mgmL-4,4,LDOPA,0.008mgmL,NA,B,2,Cal,2868,0.008,0.001,9.94
LDOPA_280nm,4_LDOPA_A_2hr_1,4,LDOPA,A,2,A,1,Sample,2536053,NA,0.802,9.8
LDOPA_280nm,4_LDOPA_A_2hr_1b,4,LDOPA,A,2,A,2,Sample,2476685,NA,0.784,9.82
LDOPA_280nm,5_LDOPA_0-0008mgmL-1,5,LDOPA,0.0008mgmL,NA,B,2,Cal,NA,0.001,NA,NA
LDOPA_280nm,5_LDOPA_0-0008mgmL-2,5,LDOPA,0.0008mgmL,NA,B,2,Cal,NA,0.001,NA,NA
LDOPA_280nm,5_LDOPA_0-0008mgmL-3,5,LDOPA,0.0008mgmL,NA,B,2,Cal,NA,0.001,NA,NA
LDOPA_280nm,5_LDOPA_0-0008mgmL-4,5,LDOPA,0.0008mgmL,NA,B,2,Cal,NA,0.001,NA,NA
LDOPA_280nm,5_LDOPA_A_2hr_2,5,LDOPA,A,2,B,1,Sample,2379008,NA,0.753,9.77
LDOPA_280nm,5_LDOPA_A_2hr_2b,5,LDOPA,A,2,B,2,Sample,2247928,NA,0.711,9.81
LDOPA_280nm,6_LDOPA_A_2hr_3,6,LDOPA,A,2,C,1,Sample,1716858,NA,0.543,9.8
LDOPA_280nm,6_LDOPA_A_2hr_3b,6,LDOPA,A,2,C,2,Sample,1670757,NA,0.529,9.8
LDOPA_280nm,6_LDOPA_B2ori_2mgmL-1,6,LDOPA,ori,0,A,1,Sample,7219844,NA,2.285,9.75
LDOPA_280nm,6_LDOPA_B2ori_2mgmL-2,6,LDOPA,ori,0,A,2,Sample,7068815,NA,2.237,9.76
LDOPA_280nm,6_LDOPA_B2ori_2mgmL-3,6,LDOPA,ori,0,A,3,Sample,7027601,NA,2.224,9.74
LDOPA_280nm,6_LDOPA_B2ori_2mgmL-4,6,LDOPA,ori,0,A,4,Sample,7088620,NA,2.243,9.78
LDOPA_280nm,7_LDOPA_A_4hr_1,7,LDOPA,A,4,A,1,Sample,2107164,NA,0.667,9.79
LDOPA_280nm,7_LDOPA_A_4hr_1b,7,LDOPA,A,4,A,2,Sample,2063125,NA,0.653,9.81
LDOPA_280nm,8_LDOPA_A_4hr_2,8,LDOPA,A,4,B,1,Sample,2120225,NA,0.671,9.79
LDOPA_280nm,8_LDOPA_A_4hr_2b,8,LDOPA,A,4,B,2,Sample,2112687,NA,0.669,9.82
LDOPA_280nm,9_LDOPA_A_4hr_3,9,LDOPA,A,4,C,1,Sample,2326692,NA,0.736,9.79
LDOPA_280nm,9_LDOPA_A_4hr_3b,9,LDOPA,A,4,C,2,Sample,2208212,NA,0.699,9.82
LDOPA_280nm,10_LDOPA_B_1hr_1,10,LDOPA,B,1,A,1,Sample,1655907,NA,0.524,9.81
LDOPA_280nm,10_LDOPA_B_1hr_1b,10,LDOPA,B,1,A,2,Sample,1612903,NA,0.51,9.83
LDOPA_280nm,11_LDOPA_B_1hr_2,11,LDOPA,B,1,B,1,Sample,1952219,NA,0.618,9.8
LDOPA_280nm,11_LDOPA_B_1hr_2b,11,LDOPA,B,1,B,2,Sample,1850738,NA,0.586,9.82
LDOPA_280nm,12_LDOPA_B_1hr_3,12,LDOPA,B,1,C,1,Sample,1617230,NA,0.512,9.8
LDOPA_280nm,12_LDOPA_B_1hr_3b,12,LDOPA,B,1,C,2,Sample,1541681,NA,0.488,9.8
LDOPA_280nm,13_LDOPA_B_2hr_1,13,LDOPA,B,2,A,1,Sample,1674501,NA,0.53,9.78
LDOPA_280nm,13_LDOPA_B_2hr_1b,13,LDOPA,B,2,A,2,Sample,1614693,NA,0.511,9.82
LDOPA_280nm,14_LDOPA_B_2hr_2,14,LDOPA,B,2,B,1,Sample,1893414,NA,0.599,9.78
LDOPA_280nm,14_LDOPA_B_2hr_2b,14,LDOPA,B,2,B,2,Sample,1855341,NA,0.587,9.82
LDOPA_280nm,15_LDOPA_B_2hr_3,15,LDOPA,B,2,C,1,Sample,1750527,NA,0.554,9.79
LDOPA_280nm,15_LDOPA_B_2hr_3b,15,LDOPA,B,2,C,2,Sample,1678249,NA,0.531,9.82
LDOPA_280nm,16_LDOPA_B_4hr_1,16,LDOPA,B,4,A,1,Sample,1272130,NA,0.403,9.81
LDOPA_280nm,16_LDOPA_B_4hr_1b,16,LDOPA,B,4,A,2,Sample,1182226,NA,0.374,9.83
LDOPA_280nm,17_LDOPA_B_4hr_2,17,LDOPA,B,4,B,1,Sample,1602571,NA,0.507,9.8
LDOPA_280nm,17_LDOPA_B_4hr_2b,17,LDOPA,B,4,B,2,Sample,1535838,NA,0.486,9.83
LDOPA_280nm,18_LDOPA_B_4hr_3,18,LDOPA,B,4,C,1,Sample,1780534,NA,0.563,9.8
LDOPA_280nm,18_LDOPA_B_4hr_3b,18,LDOPA,B,4,C,2,Sample,1653731,NA,0.523,9.82
LDOPA_280nm,19_LDOPA_C_1hr_1,19,LDOPA,C,1,A,1,Sample,235,NA,0,9.81
LDOPA_280nm,19_LDOPA_C_1hr_1b,19,LDOPA,C,1,A,2,Sample,638,NA,0,9.89
LDOPA_280nm,20_LDOPA_C_1hr_2,20,LDOPA,C,1,B,1,Sample,829,NA,0,9.87
LDOPA_280nm,20_LDOPA_C_1hr_2b,20,LDOPA,C,1,B,2,Sample,671,NA,0,9.97
LDOPA_280nm,21_LDOPA_C_1hr_3,21,LDOPA,C,1,C,1,Sample,277,NA,0,9.82
LDOPA_280nm,21_LDOPA_C_1hr_3b,21,LDOPA,C,1,C,2,Sample,685,NA,0,9.89
LDOPA_280nm,22_LDOPA_C_2hr_1,22,LDOPA,C,2,A,1,Sample,254,NA,0,9.77
LDOPA_280nm,22_LDOPA_C_2hr_1b,22,LDOPA,C,2,A,2,Sample,246,NA,0,9.89
LDOPA_280nm,23_LDOPA_C_2hr_2,23,LDOPA,C,2,B,1,Sample,231,NA,0,9.78
LDOPA_280nm,23_LDOPA_C_2hr_2b,23,LDOPA,C,2,B,2,Sample,499,NA,0,9.87
LDOPA_280nm,24_LDOPA_C_2hr_3,24,LDOPA,C,2,C,1,Sample,1274,NA,0,9.84
LDOPA_280nm,24_LDOPA_C_2hr_3b,24,LDOPA,C,2,C,2,Sample,1317,NA,0,9.91
LDOPA_280nm,25_LDOPA_C_4hr_1,25,LDOPA,C,4,A,1,Sample,383,NA,0,9.83
LDOPA_280nm,25_LDOPA_C_4hr_1b,25,LDOPA,C,4,A,2,Sample,496,NA,0,9.95
LDOPA_280nm,26_LDOPA_C_4hr_2,26,LDOPA,C,4,B,1,Sample,564,NA,0,9.79
LDOPA_280nm,26_LDOPA_C_4hr_2b,26,LDOPA,C,4,B,2,Sample,711,NA,0,9.88
LDOPA_280nm,27_LDOPA_C_4hr_3,27,LDOPA,C,4,C,1,Sample,516,NA,0,9.83
LDOPA_280nm,27_LDOPA_C_4hr_3b,27,LDOPA,C,4,C,2,Sample,294,NA,0,9.95
LDOPA_280nm,28_LDOPA_Dgs_1hr_1,28,LDOPA,Dgs,1,A,1,Sample,41047,NA,0.013,9.94
LDOPA_280nm,28_LDOPA_Dgs_1hr_1b,28,LDOPA,Dgs,1,A,2,Sample,NA,NA,NA,NA
LDOPA_280nm,29_LDOPA_Dgs_1hr_2,29,LDOPA,Dgs,1,B,1,Sample,321016,NA,0.102,9.79
LDOPA_280nm,29_LDOPA_Dgs_1hr_2b,29,LDOPA,Dgs,1,B,2,Sample,158932,NA,0.05,9.86
LDOPA_280nm,30_LDOPA_Dgs_1hr_3,30,LDOPA,Dgs,1,C,1,Sample,239262,NA,0.076,9.82
LDOPA_280nm,30_LDOPA_Dgs_1hr_3b,30,LDOPA,Dgs,1,C,2,Sample,73140,NA,0.023,9.87
LDOPA_280nm,31_LDOPA_Dgs_2hr_1,31,LDOPA,Dgs,2,A,1,Sample,31276,NA,0.01,9.96
LDOPA_280nm,31_LDOPA_Dgs_2hr_1b,31,LDOPA,Dgs,2,A,2,Sample,762,NA,0,9.88
LDOPA_280nm,32_LDOPA_Dgs_2hr_2,32,LDOPA,Dgs,2,B,1,Sample,86021,NA,0.027,9.87
LDOPA_280nm,32_LDOPA_Dgs_2hr_2b,32,LDOPA,Dgs,2,B,2,Sample,929,NA,0,9.82
LDOPA_280nm,33_LDOPA_Dgs_2hr_3,33,LDOPA,Dgs,2,C,1,Sample,71778,NA,0.023,9.89
LDOPA_280nm,33_LDOPA_Dgs_2hr_3b,33,LDOPA,Dgs,2,C,2,Sample,1450,NA,0,9.83
LDOPA_280nm,34_LDOPA_Dgs_4hr_1,34,LDOPA,Dgs,4,A,1,Sample,2169,NA,0.001,9.77
LDOPA_280nm,34_LDOPA_Dgs_4hr_1b,34,LDOPA,Dgs,4,A,2,Sample,1322,NA,0,9.88
LDOPA_280nm,35_LDOPA_Dgs_4hr_2,35,LDOPA,Dgs,4,B,1,Sample,9681,NA,0.003,9.97
LDOPA_280nm,35_LDOPA_Dgs_4hr_2b,35,LDOPA,Dgs,4,B,2,Sample,1338,NA,0,9.82
LDOPA_280nm,36_LDOPA_Dgs_4hr_3,36,LDOPA,Dgs,4,C,1,Sample,1935,NA,0.001,9.7
LDOPA_280nm,36_LDOPA_Dgs_4hr_3b,36,LDOPA,Dgs,4,C,2,Sample,2073,NA,0.001,9.81
LDOPA_280nm,37_LDOPA_Dfo_1hr_1,37,LDOPA,Dfo,1,A,1,Sample,1014874,NA,0.321,9.8
LDOPA_280nm,37_LDOPA_Dfo_1hr_1b,37,LDOPA,Dfo,1,A,2,Sample,854238,NA,0.27,9.8
LDOPA_280nm,38_LDOPA_Dfo_1hr_2,38,LDOPA,Dfo,1,B,1,Sample,1394643,NA,0.441,9.78
LDOPA_280nm,38_LDOPA_Dfo_1hr_2b,38,LDOPA,Dfo,1,B,2,Sample,1131936,NA,0.358,9.83
LDOPA_280nm,39_LDOPA_Dfo_1hr_3,39,LDOPA,Dfo,1,C,1,Sample,1092319,NA,0.346,9.8
LDOPA_280nm,39_LDOPA_Dfo_1hr_3b,39,LDOPA,Dfo,1,C,2,Sample,964847,NA,0.305,9.82
LDOPA_280nm,40_LDOPA_Dfo_2hr_1,40,LDOPA,Dfo,2,A,1,Sample,1147481,NA,0.363,9.81
LDOPA_280nm,40_LDOPA_Dfo_2hr_1b,40,LDOPA,Dfo,2,A,2,Sample,915781,NA,0.29,9.83
LDOPA_280nm,41_LDOPA_Dfo_2hr_2,41,LDOPA,Dfo,2,B,1,Sample,927334,NA,0.293,9.84
LDOPA_280nm,41_LDOPA_Dfo_2hr_2b,41,LDOPA,Dfo,2,B,2,Sample,731576,NA,0.231,9.85
LDOPA_280nm,42_LDOPA_Dfo_2hr_3,42,LDOPA,Dfo,2,C,1,Sample,1110855,NA,0.352,9.81
LDOPA_280nm,42_LDOPA_Dfo_2hr_3b,42,LDOPA,Dfo,2,C,2,Sample,905404,NA,0.286,9.85
LDOPA_280nm,43_LDOPA_Dfo_4hr_1,43,LDOPA,Dfo,4,A,1,Sample,1318311,NA,0.417,9.82
LDOPA_280nm,43_LDOPA_Dfo_4hr_1b,43,LDOPA,Dfo,4,A,2,Sample,1114364,NA,0.353,9.84
LDOPA_280nm,44_LDOPA_Dfo_4hr_2,44,LDOPA,Dfo,4,B,1,Sample,1135916,NA,0.359,9.84
LDOPA_280nm,44_LDOPA_Dfo_4hr_2b,44,LDOPA,Dfo,4,B,2,Sample,905241,NA,0.286,9.85
LDOPA_280nm,45_LDOPA_Dfo_4hr_3,45,LDOPA,Dfo,4,C,1,Sample,1164215,NA,0.368,9.81
LDOPA_280nm,45_LDOPA_Dfo_4hr_3b,45,LDOPA,Dfo,4,C,2,Sample,979759,NA,0.31,9.85
LDOPA_280nm,46_LDOPA_Drc_1hr_1,46,LDOPA,Drc,1,A,1,Sample,246985,NA,0.078,9.86
LDOPA_280nm,46_LDOPA_Drc_1hr_1b,46,LDOPA,Drc,1,A,2,Sample,117357,NA,0.037,9.92
LDOPA_280nm,47_LDOPA_Drc_1hr_2,47,LDOPA,Drc,1,B,1,Sample,158808,NA,0.05,9.9
LDOPA_280nm,47_LDOPA_Drc_1hr_2b,47,LDOPA,Drc,1,B,2,Sample,75644,NA,0.024,9.99
LDOPA_280nm,48_LDOPA_Drc_1hr_3,48,LDOPA,Drc,1,C,1,Sample,200206,NA,0.063,9.89
LDOPA_280nm,48_LDOPA_Drc_1hr_3b,48,LDOPA,Drc,1,C,2,Sample,86827,NA,0.027,9.95
LDOPA_280nm,49_LDOPA_Drc_2hr_1,49,LDOPA,Drc,2,A,1,Sample,143090,NA,0.045,9.87
LDOPA_280nm,49_LDOPA_Drc_2hr_1b,49,LDOPA,Drc,2,A,2,Sample,22897,NA,0.007,10.01
LDOPA_280nm,50_LDOPA_Drc_2hr_2,50,LDOPA,Drc,2,B,1,Sample,71055,NA,0.022,9.94
LDOPA_280nm,50_LDOPA_Drc_2hr_2b,50,LDOPA,Drc,2,B,2,Sample,2741,NA,0.001,10.03
LDOPA_280nm,51_LDOPA_Drc_2hr_3,51,LDOPA,Drc,2,C,1,Sample,122149,NA,0.039,9.87
LDOPA_280nm,51_LDOPA_Drc_2hr_3b,51,LDOPA,Drc,2,C,2,Sample,36976,NA,0.012,9.99
LDOPA_280nm,52_LDOPA_Drc_4hr_1,52,LDOPA,Drc,4,A,1,Sample,NA,NA,NA,NA
LDOPA_280nm,52_LDOPA_Drc_4hr_1b,52,LDOPA,Drc,4,A,2,Sample,2766,NA,0.001,10.07
LDOPA_280nm,53_LDOPA_Drc_4hr_2,53,LDOPA,Drc,4,B,1,Sample,17125,NA,0.005,10.04
LDOPA_280nm,53_LDOPA_Drc_4hr_2b,53,LDOPA,Drc,4,B,2,Sample,1323,NA,0,10.05
LDOPA_280nm,54_LDOPA_Drc_4hr_3,54,LDOPA,Drc,4,C,1,Sample,14227,NA,0.005,10.03
LDOPA_280nm,54_LDOPA_Drc_4hr_3b,54,LDOPA,Drc,4,C,2,Sample,1453,NA,0,10
LDOPA_280nm,55_LDOPA_A_4hr_5,55,LDOPA,A,4,D,1,Sample,1963929,NA,0.621,9.83
LDOPA_280nm,55_LDOPA_A_4hr_5b,55,LDOPA,A,4,D,2,Sample,1900063,NA,0.601,9.84
LDOPA_280nm,56_LDOPA_A_4hr_6,56,LDOPA,A,4,E,1,Sample,2752168,NA,0.871,9.83
LDOPA_280nm,56_LDOPA_A_4hr_6b,56,LDOPA,A,4,E,2,Sample,2672978,NA,0.846,9.84
LDOPA_280nm,57_LDOPA_A_4hr_7,57,LDOPA,A,4,F,1,Sample,2893199,NA,0.916,9.82
LDOPA_280nm,57_LDOPA_A_4hr_7b,57,LDOPA,A,4,F,2,Sample,2812638,NA,0.89,9.84
LDOPA_280nm,ACN_01,NA,ACN,seq blank,NA,1,1,Blank,NA,NA,NA,NA
LDOPA_280nm,ACN_01b,NA,ACN,seq blank,NA,1,2,Blank,NA,NA,NA,NA
LDOPA_280nm,ACN_02,NA,ACN,seq blank,NA,2,1,Blank,NA,NA,NA,NA
LDOPA_280nm,ACN_02b,NA,ACN,seq blank,NA,2,2,Blank,NA,NA,NA,NA
LDOPA_280nm,ACN_03,NA,ACN,seq blank,NA,3,1,Blank,NA,NA,NA,NA
LDOPA_280nm,ACN_03b,NA,ACN,seq blank,NA,3,2,Blank,NA,NA,NA,NA
LDOPA_280nm,ACN_04,NA,ACN,seq blank,NA,4,1,Blank,NA,NA,NA,NA
LDOPA_280nm,ACN_04b,NA,ACN,seq blank,NA,4,2,Blank,NA,NA,NA,NA
LDOPA_280nm,ACN_05,NA,ACN,seq blank,NA,5,1,Blank,NA,NA,NA,NA
LDOPA_280nm,ACN_05b,NA,ACN,seq blank,NA,5,2,Blank,NA,NA,NA,NA
LDOPA_280nm,ACN_06,NA,ACN,seq blank,NA,6,1,Blank,NA,NA,NA,NA
LDOPA_280nm,ACN_06b,NA,ACN,seq blank,NA,6,2,Blank,NA,NA,NA,NA
LDOPA_280nm,ACN_07,NA,ACN,seq blank,NA,7,1,Blank,NA,NA,NA,NA
LDOPA_280nm,ACN_07b,NA,ACN,seq blank,NA,7,2,Blank,NA,NA,NA,NA
LDOPA_280nm,ACN_08,NA,ACN,seq blank,NA,8,1,Blank,NA,NA,NA,NA
LDOPA_280nm,ACN_08b,NA,ACN,seq blank,NA,8,2,Blank,NA,NA,NA,NA
LDOPA_280nm,ACN_09,NA,ACN,seq blank,NA,9,1,Blank,NA,NA,NA,NA
LDOPA_280nm,ACN_09b,NA,ACN,seq blank,NA,9,2,Blank,NA,NA,NA,NA
LDOPA_280nm,ACN_10,NA,ACN,seq blank,NA,10,1,Blank,NA,NA,NA,NA
LDOPA_280nm,ACN_10b,NA,ACN,seq blank,NA,10,2,Blank,NA,NA,NA,NA
LDOPA_280nm,ACN_11,NA,ACN,seq blank,NA,11,1,Blank,NA,NA,NA,NA
LDOPA_280nm,ACN_11b,NA,ACN,seq blank,NA,11,2,Blank,NA,NA,NA,NA
LDOPA_280nm,ACN_12,NA,ACN,seq blank,NA,12,1,Blank,NA,NA,NA,NA
LDOPA_280nm,ACN_12b,NA,ACN,seq blank,NA,12,2,Blank,NA,NA,NA,NA
LDOPA_280nm,ACN_13,NA,ACN,seq blank,NA,13,1,Blank,NA,NA,NA,NA
LDOPA_280nm,ACN_13b,NA,ACN,seq blank,NA,13,2,Blank,NA,NA,NA,NA
LDOPA_280nm,ACN_14,NA,ACN,seq blank,NA,14,1,Blank,NA,NA,NA,NA
LDOPA_280nm,ACN_14b,NA,ACN,seq blank,NA,14,2,Blank,NA,NA,NA,NA
LDOPA_280nm,ACN_15,NA,ACN,seq blank,NA,15,1,Blank,NA,NA,NA,NA
LDOPA_280nm,ACN_15b,NA,ACN,seq blank,NA,15,2,Blank,NA,NA,NA,NA
LDOPA_280nm,ACN_16,NA,ACN,seq blank,NA,16,1,Blank,NA,NA,NA,NA
LDOPA_280nm,ACN_16b,NA,ACN,seq blank,NA,16,2,Blank,NA,NA,NA,NA
LDOPA_280nm,ACN_17,NA,ACN,seq blank,NA,17,1,Blank,NA,NA,NA,NA
LDOPA_280nm,ACN_17b,NA,ACN,seq blank,NA,17,2,Blank,NA,NA,NA,NA
LDOPA_280nm,ACN_18,NA,ACN,seq blank,NA,18,1,Blank,NA,NA,NA,NA
LDOPA_280nm,ACN_18b,NA,ACN,seq blank,NA,18,2,Blank,NA,NA,NA,NA
LDOPA_280nm,ACN_19,NA,ACN,seq blank,NA,19,1,Blank,NA,NA,NA,NA
LDOPA_280nm,ACN_19b,NA,ACN,seq blank,NA,19,2,Blank,NA,NA,NA,NA
LDOPA_280nm,ACN_20,NA,ACN,seq blank,NA,20,1,Blank,NA,NA,NA,NA
LDOPA_280nm,ACN_20b,NA,ACN,seq blank,NA,20,2,Blank,NA,NA,NA,NA
LDOPA_280nm,ACN_21,NA,ACN,seq blank,NA,21,1,Blank,NA,NA,NA,NA
LDOPA_280nm,ACN_21b,NA,ACN,seq blank,NA,21,2,Blank,NA,NA,NA,NA
LDOPA_280nm,ACN_22,NA,ACN,seq blank,NA,22,1,Blank,NA,NA,NA,NA
LDOPA_280nm,ACN_22b,NA,ACN,seq blank,NA,22,2,Blank,NA,NA,NA,NA
LDOPA_280nm,ACN_23,NA,ACN,seq blank,NA,23,1,Blank,NA,NA,NA,NA
LDOPA_280nm,ACN_23b,NA,ACN,seq blank,NA,23,2,Blank,NA,NA,NA,NA
LDOPA_280nm,ACN_24,NA,ACN,seq blank,NA,24,1,Blank,NA,NA,NA,NA
LDOPA_280nm,ACN_24b,NA,ACN,seq blank,NA,24,2,Blank,NA,NA,NA,NA
LDOPA_280nm,ACN_25,NA,ACN,seq blank,NA,25,1,Blank,NA,NA,NA,NA
LDOPA_280nm,ACN_25b,NA,ACN,seq blank,NA,25,2,Blank,NA,NA,NA,NA
LDOPA_280nm,ACN_cal_01,NA,ACN,cal blank,NA,1,NA,Blank,NA,NA,NA,NA
LDOPA_280nm,ACN_cal_02,NA,ACN,cal blank,NA,2,NA,Blank,NA,NA,NA,NA
LDOPA_280nm,ACN_cal_03,NA,ACN,cal blank,NA,3,NA,Blank,NA,NA,NA,NA
LDOPA_280nm,ACN_cal_04,NA,ACN,cal blank,NA,4,NA,Blank,NA,NA,NA,NA
LDOPA_280nm,ACN_cal_05,NA,ACN,cal blank,NA,5,NA,Blank,NA,NA,NA,NA
LDOPA_280nm,ACN_cal_06,NA,ACN,cal blank,NA,6,NA,Blank,NA,NA,NA,NA
LDOPA_280nm,ACN_cal_07,NA,ACN,cal blank,NA,7,NA,Blank,NA,NA,NA,NA
LDOPA_280nm,ACN_cal_08,NA,ACN,cal blank,NA,8,NA,Blank,NA,NA,NA,NA
LDOPA_280nm,ACN_cal_09,NA,ACN,cal blank,NA,9,NA,Blank,NA,NA,NA,NA
LDOPA_280nm,ACN_cal_10,NA,ACN,cal blank,NA,10,NA,Blank,NA,NA,NA,NA
LDOPA_280nm,ACN_cal_11,NA,ACN,cal blank,NA,11,NA,Blank,NA,NA,NA,NA
LDOPA_280nm,ACN_cal_12,NA,ACN,cal blank,NA,12,NA,Blank,NA,NA,NA,NA
LDOPA_280nm,ACN_cal_13,NA,ACN,cal blank,NA,13,NA,Blank,NA,NA,NA,NA
LDOPA_280nm,ACN_cal_14,NA,ACN,cal blank,NA,14,NA,Blank,NA,NA,NA,NA
LDOPA_280nm,LDOPA_0-4mgmL,NA,LDOPA,QC,NA,A,1,Sample,1203734,NA,0.381,9.76
LDOPA_280nm,LDOPA_0-4mgmL_1b,NA,LDOPA,QC,NA,A,2,Sample,1033116,NA,0.327,9.82
MUBph_315nm,13_MUBph_2mgmL-1,13,MUBph,2mgmL,NA,B,2,Cal,22578423,2,2.011,5.35
MUBph_315nm,13_MUBph_2mgmL-2,13,MUBph,2mgmL,NA,B,2,Cal,22621343,2,2.015,5.17
MUBph_315nm,13_MUBph_2mgmL-3,13,MUBph,2mgmL,NA,B,2,Cal,22583457,2,2.012,5.18
MUBph_315nm,13_MUBph_2mgmL-4,13,MUBph,2mgmL,NA,B,2,Cal,22162242,2,1.974,5.16
MUBph_315nm,14_MUBph_0-4mgmL-1,14,MUBph,0.4mgmL,NA,B,2,Cal,4460054,0.4,0.397,4.76
MUBph_315nm,14_MUBph_0-4mgmL-2,14,MUBph,0.4mgmL,NA,B,2,Cal,4347543,0.4,0.387,4.7
MUBph_315nm,14_MUBph_0-4mgmL-3,14,MUBph,0.4mgmL,NA,B,2,Cal,4273853,0.4,0.381,4.63
MUBph_315nm,14_MUBph_0-4mgmL-4,14,MUBph,0.4mgmL,NA,B,2,Cal,4210903,0.4,0.375,4.62
MUBph_315nm,15_MUBph_0-04mgmL-1,15,MUBph,0.04mgmL,NA,B,2,Cal,397502,0.04,0.035,4.68
MUBph_315nm,15_MUBph_0-04mgmL-2,15,MUBph,0.04mgmL,NA,B,2,Cal,405638,0.04,0.036,4.35
MUBph_315nm,15_MUBph_0-04mgmL-3,15,MUBph,0.04mgmL,NA,B,2,Cal,388898,0.04,0.035,4.33
MUBph_315nm,15_MUBph_0-04mgmL-4,15,MUBph,0.04mgmL,NA,B,2,Cal,400143,0.04,0.036,4.29
MUBph_315nm,16_MUBph_0-008mgmL-1,16,MUBph,0.008mgmL,NA,B,2,Cal,79007,0.008,0.007,4.67
MUBph_315nm,16_MUBph_0-008mgmL-2,16,MUBph,0.008mgmL,NA,B,2,Cal,74997,0.008,0.007,4.41
MUBph_315nm,16_MUBph_0-008mgmL-3,16,MUBph,0.008mgmL,NA,B,2,Cal,85296,0.008,0.008,4.07
MUBph_315nm,16_MUBph_0-008mgmL-4,16,MUBph,0.008mgmL,NA,B,2,Cal,81630,0.008,0.007,4.22
MUBph_315nm,17_MUBph_0-0008mgmL-1,17,MUBph,0.0008mgmL,NA,B,2,Cal,6559,0.001,0.001,4.69
MUBph_315nm,17_MUBph_0-0008mgmL-2,17,MUBph,0.0008mgmL,NA,B,2,Cal,7390,0.001,0.001,4.16
MUBph_315nm,17_MUBph_0-0008mgmL-3,17,MUBph,0.0008mgmL,NA,B,2,Cal,7408,0.001,0.001,4.28
MUBph_315nm,17_MUBph_0-0008mgmL-4,17,MUBph,0.0008mgmL,NA,B,2,Cal,7754,0.001,0.001,4.15
MUBph_315nm,18_MUBph_ori_2mgmL-1,18,MUBph,ori,0,A,1,Sample,23469343,NA,2.091,5.34
MUBph_315nm,18_MUBph_ori_2mgmL-2,18,MUBph,ori,0,A,2,Sample,22676028,NA,2.02,5.21
MUBph_315nm,18_MUBph_ori_2mgmL-3,18,MUBph,ori,0,A,3,Sample,21686209,NA,1.932,5.17
MUBph_315nm,18_MUBph_ori_2mgmL-4,18,MUBph,ori,0,A,4,Sample,22035440,NA,1.963,5.03
MUBph_315nm,112_MUBphos_A_1hr_1,112,MUBphos,A,1,A,1,Sample,8079889,NA,0.72,5.33
MUBph_315nm,112_MUBphos_A_1hr_1b,112,MUBphos,A,1,A,2,Sample,7836171,NA,0.698,5.36
MUBph_315nm,113_MUBphos_A_1hr_2,113,MUBphos,A,1,B,1,Sample,9550019,NA,0.851,5.36
MUBph_315nm,113_MUBphos_A_1hr_2b,113,MUBphos,A,1,B,2,Sample,9872913,NA,0.879,5.44
MUBph_315nm,114_MUBphos_A_1hr_3,114,MUBphos,A,1,C,1,Sample,8383337,NA,0.747,5.34
MUBph_315nm,114_MUBphos_A_1hr_3b,114,MUBphos,A,1,C,2,Sample,8217208,NA,0.732,5.31
MUBph_315nm,115_MUBphos_A_2hr_1,115,MUBphos,A,2,A,1,Sample,6959450,NA,0.62,5.2
MUBph_315nm,115_MUBphos_A_2hr_1b,115,MUBphos,A,2,A,2,Sample,6903419,NA,0.615,5.29
MUBph_315nm,116_MUBphos_A_2hr_2,116,MUBphos,A,2,B,1,Sample,8283387,NA,0.738,5.18
MUBph_315nm,116_MUBphos_A_2hr_2b,116,MUBphos,A,2,B,2,Sample,8190217,NA,0.73,5.34
MUBph_315nm,117_MUBphos_A_2hr_3,117,MUBphos,A,2,C,1,Sample,8721233,NA,0.777,5.31
MUBph_315nm,117_MUBphos_A_2hr_3b,117,MUBphos,A,2,C,2,Sample,8691476,NA,0.774,5.28
MUBph_315nm,118_MUBphos_A_4hr_1,118,MUBphos,A,4,A,1,Sample,8130308,NA,0.724,5.29
MUBph_315nm,118_MUBphos_A_4hr_1b,118,MUBphos,A,4,A,2,Sample,8137197,NA,0.725,5.34
MUBph_315nm,119_MUBphos_A_4hr_2,119,MUBphos,A,4,B,1,Sample,8557463,NA,0.762,5.29
MUBph_315nm,119_MUBphos_A_4hr_2b,119,MUBphos,A,4,B,2,Sample,8452847,NA,0.753,5.41
MUBph_315nm,120_MUBphos_A_4hr_3,120,MUBphos,A,4,C,1,Sample,9519472,NA,0.848,5.27
MUBph_315nm,120_MUBphos_A_4hr_3b,120,MUBphos,A,4,C,2,Sample,8530612,NA,0.76,5.35
MUBph_315nm,121_MUBphos_B_1hr_1,121,MUBphos,B,1,A,1,Sample,2392113,NA,0.213,5.13
MUBph_315nm,121_MUBphos_B_1hr_1b,121,MUBphos,B,1,A,2,Sample,2386614,NA,0.213,5.3
MUBph_315nm,122_MUBphos_B_1hr_2,122,MUBphos,B,1,B,1,Sample,2527583,NA,0.225,5.26
MUBph_315nm,122_MUBphos_B_1hr_2b,122,MUBphos,B,1,B,2,Sample,2510986,NA,0.224,5.28
MUBph_315nm,123_MUBphos_B_1hr_3,123,MUBphos,B,1,C,1,Sample,2234717,NA,0.199,5.2
MUBph_315nm,123_MUBphos_B_1hr_3b,123,MUBphos,B,1,C,2,Sample,2198395,NA,0.196,5.31
MUBph_315nm,124_MUBphos_B_2hr_1,124,MUBphos,B,2,A,1,Sample,2072931,NA,0.185,5.27
MUBph_315nm,124_MUBphos_B_2hr_1b,124,MUBphos,B,2,A,2,Sample,2040861,NA,0.182,5.43
MUBph_315nm,125_MUBphos_B_2hr_2,125,MUBphos,B,2,B,1,Sample,1901409,NA,0.169,5.2
MUBph_315nm,125_MUBphos_B_2hr_2b,125,MUBphos,B,2,B,2,Sample,1852644,NA,0.165,5.37
MUBph_315nm,126_MUBphos_B_2hr_3,126,MUBphos,B,2,C,1,Sample,2271068,NA,0.202,5.33
MUBph_315nm,126_MUBphos_B_2hr_3b,126,MUBphos,B,2,C,2,Sample,2206373,NA,0.197,5.34
MUBph_315nm,127_MUBphos_B_4hr_1,127,MUBphos,B,4,A,1,Sample,2062607,NA,0.184,5.22
MUBph_315nm,127_MUBphos_B_4hr_1b,127,MUBphos,B,4,A,2,Sample,2088037,NA,0.186,5.35
MUBph_315nm,128_MUBphos_B_4hr_2,128,MUBphos,B,4,B,1,Sample,1793511,NA,0.16,5.24
MUBph_315nm,128_MUBphos_B_4hr_2b,128,MUBphos,B,4,B,2,Sample,1759287,NA,0.157,5.26
MUBph_315nm,129_MUBphos_B_4hr_3,129,MUBphos,B,4,C,1,Sample,1934569,NA,0.172,5.26
MUBph_315nm,129_MUBphos_B_4hr_3b,129,MUBphos,B,4,C,2,Sample,1951425,NA,0.174,5.32
MUBph_315nm,130_MUBphos_C_1hr_1,130,MUBphos,C,1,A,1,Sample,6416865,NA,0.572,5.44
MUBph_315nm,130_MUBphos_C_1hr_1b,130,MUBphos,C,1,A,2,Sample,6359920,NA,0.567,5.57
MUBph_315nm,131_MUBphos_C_1hr_2,131,MUBphos,C,1,B,1,Sample,6742286,NA,0.601,5.5
MUBph_315nm,131_MUBphos_C_1hr_2b,131,MUBphos,C,1,B,2,Sample,6668915,NA,0.594,5.61
MUBph_315nm,132_MUBphos_C_1hr_3,132,MUBphos,C,1,C,1,Sample,6760514,NA,0.602,5.46
MUBph_315nm,132_MUBphos_C_1hr_3b,132,MUBphos,C,1,C,2,Sample,6865548,NA,0.612,5.57
MUBph_315nm,133_MUBphos_C_2hr_1,133,MUBphos,C,2,A,1,Sample,5419020,NA,0.483,5.34
MUBph_315nm,133_MUBphos_C_2hr_1b,133,MUBphos,C,2,A,2,Sample,5479903,NA,0.488,5.4
MUBph_315nm,134_MUBphos_C_2hr_2,134,MUBphos,C,2,B,1,Sample,7687967,NA,0.685,5.41
MUBph_315nm,134_MUBphos_C_2hr_2b,134,MUBphos,C,2,B,2,Sample,7609769,NA,0.678,5.65
MUBph_315nm,135_MUBphos_C_2hr_3,135,MUBphos,C,2,C,1,Sample,4576051,NA,0.408,5.34
MUBph_315nm,135_MUBphos_C_2hr_3b,135,MUBphos,C,2,C,2,Sample,4440374,NA,0.396,5.43
MUBph_315nm,136_MUBphos_C_4hr_1,136,MUBphos,C,4,A,1,Sample,6506069,NA,0.58,5.53
MUBph_315nm,136_MUBphos_C_4hr_1b,136,MUBphos,C,4,A,2,Sample,6458854,NA,0.575,5.62
MUBph_315nm,137_MUBphos_C_4hr_2,137,MUBphos,C,4,B,1,Sample,8630549,NA,0.769,5.63
MUBph_315nm,137_MUBphos_C_4hr_2b,137,MUBphos,C,4,B,2,Sample,8575535,NA,0.764,5.73
MUBph_315nm,138_MUBphos_C_4hr_3,138,MUBphos,C,4,C,1,Sample,9078646,NA,0.809,5.62
MUBph_315nm,138_MUBphos_C_4hr_3b,138,MUBphos,C,4,C,2,Sample,9017553,NA,0.803,5.74
MUBph_315nm,139_MUBphos_Dgs_1hr_1,139,MUBphos,Dgs,1,A,1,Sample,2541160,NA,0.226,5.25
MUBph_315nm,139_MUBphos_Dgs_1hr_1b,139,MUBphos,Dgs,1,A,2,Sample,2384882,NA,0.212,5.39
MUBph_315nm,140_MUBphos_Dgs_1hr_2,140,MUBphos,Dgs,1,B,1,Sample,2640097,NA,0.235,5.29
MUBph_315nm,140_MUBphos_Dgs_1hr_2b,140,MUBphos,Dgs,1,B,2,Sample,2544007,NA,0.227,5.45
MUBph_315nm,141_MUBphos_Dgs_1hr_3,141,MUBphos,Dgs,1,C,1,Sample,3129876,NA,0.279,5.27
MUBph_315nm,141_MUBphos_Dgs_1hr_3b,141,MUBphos,Dgs,1,C,2,Sample,2941265,NA,0.262,5.39
MUBph_315nm,142_MUBphos_Dgs_2hr_1,142,MUBphos,Dgs,2,A,1,Sample,1946737,NA,0.173,5.33
MUBph_315nm,142_MUBphos_Dgs_2hr_1b,142,MUBphos,Dgs,2,A,2,Sample,1946208,NA,0.173,5.45
MUBph_315nm,143_MUBphos_Dgs_2hr_2,143,MUBphos,Dgs,2,B,1,Sample,2394434,NA,0.213,5.38
MUBph_315nm,143_MUBphos_Dgs_2hr_2b,143,MUBphos,Dgs,2,B,2,Sample,2336542,NA,0.208,5.48
MUBph_315nm,144_MUBphos_Dgs_2hr_3,144,MUBphos,Dgs,2,C,1,Sample,2374106,NA,0.211,5.17
MUBph_315nm,144_MUBphos_Dgs_2hr_3b,144,MUBphos,Dgs,2,C,2,Sample,2290248,NA,0.204,5.41
MUBph_315nm,145_MUBphos_Dgs_4hr_1,145,MUBphos,Dgs,4,A,1,Sample,359107,NA,0.032,5.11
MUBph_315nm,145_MUBphos_Dgs_4hr_1b,145,MUBphos,Dgs,4,A,2,Sample,343895,NA,0.031,5.32
MUBph_315nm,146_MUBphos_Dgs_4hr_2,146,MUBphos,Dgs,4,B,1,Sample,436904,NA,0.039,5.15
MUBph_315nm,146_MUBphos_Dgs_4hr_2b,146,MUBphos,Dgs,4,B,2,Sample,419386,NA,0.037,5.28
MUBph_315nm,147_MUBphos_Dgs_4hr_3,147,MUBphos,Dgs,4,C,1,Sample,398850,NA,0.036,5.11
MUBph_315nm,147_MUBphos_Dgs_4hr_3b,147,MUBphos,Dgs,4,C,2,Sample,383660,NA,0.034,5.26
MUBph_315nm,148_MUBphos_Dfo_1hr_1,148,MUBphos,Dfo,1,A,1,Sample,5515078,NA,0.491,5.45
MUBph_315nm,148_MUBphos_Dfo_1hr_1b,148,MUBphos,Dfo,1,A,2,Sample,5482993,NA,0.488,5.57
MUBph_315nm,149_MUBphos_Dfo_1hr_2,149,MUBphos,Dfo,1,B,1,Sample,4568585,NA,0.407,5.34
MUBph_315nm,149_MUBphos_Dfo_1hr_2b,149,MUBphos,Dfo,1,B,2,Sample,4484440,NA,0.399,5.47
MUBph_315nm,150_MUBphos_Dfo_1hr_3,150,MUBphos,Dfo,1,C,1,Sample,5294565,NA,0.472,5.3
MUBph_315nm,150_MUBphos_Dfo_1hr_3b,150,MUBphos,Dfo,1,C,2,Sample,5290820,NA,0.471,5.54
MUBph_315nm,151_MUBphos_Dfo_2hr_1,151,MUBphos,Dfo,2,A,1,Sample,4811964,NA,0.429,5.43
MUBph_315nm,151_MUBphos_Dfo_2hr_1b,151,MUBphos,Dfo,2,A,2,Sample,4712850,NA,0.42,5.4
MUBph_315nm,152_MUBphos_Dfo_2hr_2,152,MUBphos,Dfo,2,B,1,Sample,6071847,NA,0.541,5.3
MUBph_315nm,152_MUBphos_Dfo_2hr_2b,152,MUBphos,Dfo,2,B,2,Sample,5445398,NA,0.485,5.5
MUBph_315nm,153_MUBphos_Dfo_2hr_3,153,MUBphos,Dfo,2,C,1,Sample,5817857,NA,0.518,5.42
MUBph_315nm,153_MUBphos_Dfo_2hr_3b,153,MUBphos,Dfo,2,C,2,Sample,5605516,NA,0.499,5.54
MUBph_315nm,154_MUBphos_Dfo_4hr_1,154,MUBphos,Dfo,4,A,1,Sample,4605350,NA,0.41,5.45
MUBph_315nm,154_MUBphos_Dfo_4hr_1b,154,MUBphos,Dfo,4,A,2,Sample,4679331,NA,0.417,5.41
MUBph_315nm,155_MUBphos_Dfo_4hr_2,155,MUBphos,Dfo,4,B,1,Sample,4563423,NA,0.407,5.32
MUBph_315nm,155_MUBphos_Dfo_4hr_2b,155,MUBphos,Dfo,4,B,2,Sample,4350389,NA,0.388,5.3
MUBph_315nm,156_MUBphos_Dfo_4hr_3,156,MUBphos,Dfo,4,C,1,Sample,3431660,NA,0.306,5.13
MUBph_315nm,156_MUBphos_Dfo_4hr_3b,156,MUBphos,Dfo,4,C,2,Sample,3360703,NA,0.299,5.42
MUBph_315nm,157_MUBphos_Drc_1hr_1,157,MUBphos,Drc,1,A,1,Sample,5008344,NA,0.446,5.41
MUBph_315nm,157_MUBphos_Drc_1hr_1b,157,MUBphos,Drc,1,A,2,Sample,4983318,NA,0.444,5.53
MUBph_315nm,158_MUBphos_Drc_1hr_2,158,MUBphos,Drc,1,B,1,Sample,5531225,NA,0.493,5.42
MUBph_315nm,158_MUBphos_Drc_1hr_2b,158,MUBphos,Drc,1,B,2,Sample,5241416,NA,0.467,5.45
MUBph_315nm,159_MUBphos_Drc_1hr_3,159,MUBphos,Drc,1,C,1,Sample,3256125,NA,0.29,5.3
MUBph_315nm,159_MUBphos_Drc_1hr_3b,159,MUBphos,Drc,1,C,2,Sample,3108914,NA,0.277,5.32
MUBph_315nm,160_MUBphos_Drc_2hr_1,160,MUBphos,Drc,2,A,1,Sample,3336520,NA,0.297,5.38
MUBph_315nm,160_MUBphos_Drc_2hr_1b,160,MUBphos,Drc,2,A,2,Sample,3375667,NA,0.301,5.49
MUBph_315nm,161_MUBphos_Drc_2hr_2,161,MUBphos,Drc,2,B,1,Sample,3422375,NA,0.305,5.4
MUBph_315nm,161_MUBphos_Drc_2hr_2b,161,MUBphos,Drc,2,B,2,Sample,3387873,NA,0.302,5.51
MUBph_315nm,162_MUBphos_Drc_2hr_3,162,MUBphos,Drc,2,C,1,Sample,3073994,NA,0.274,5.34
MUBph_315nm,162_MUBphos_Drc_2hr_3b,162,MUBphos,Drc,2,C,2,Sample,3132207,NA,0.279,5.45
MUBph_315nm,163_MUBphos_Drc_4hr_1,163,MUBphos,Drc,4,A,1,Sample,1498476,NA,0.133,5.26
MUBph_315nm,163_MUBphos_Drc_4hr_1b,163,MUBphos,Drc,4,A,2,Sample,1476858,NA,0.132,5.37
MUBph_315nm,164_MUBphos_Drc_4hr_2,164,MUBphos,Drc,4,B,1,Sample,1665309,NA,0.148,5.27
MUBph_315nm,164_MUBphos_Drc_4hr_2b,164,MUBphos,Drc,4,B,2,Sample,1549548,NA,0.138,5.39
MUBph_315nm,165_MUBphos_Drc_4hr_3,165,MUBphos,Drc,4,C,1,Sample,1252432,NA,0.112,5.25
MUBph_315nm,165_MUBphos_Drc_4hr_3b,165,MUBphos,Drc,4,C,2,Sample,1186140,NA,0.106,5.28
MUBph_315nm,ACN_01,NA,ACN,seq blank,NA,1,1,Blank,NA,NA,NA,NA
MUBph_315nm,ACN_01b,NA,ACN,seq blank,NA,1,2,Blank,NA,NA,NA,NA
MUBph_315nm,ACN_02,NA,ACN,seq blank,NA,2,1,Blank,NA,NA,NA,NA
MUBph_315nm,ACN_02b,NA,ACN,seq blank,NA,2,2,Blank,NA,NA,NA,NA
MUBph_315nm,ACN_03,NA,ACN,seq blank,NA,3,1,Blank,NA,NA,NA,NA
MUBph_315nm,ACN_03b,NA,ACN,seq blank,NA,3,2,Blank,NA,NA,NA,NA
MUBph_315nm,ACN_04,NA,ACN,seq blank,NA,4,1,Blank,NA,NA,NA,NA
MUBph_315nm,ACN_04b,NA,ACN,seq blank,NA,4,2,Blank,NA,NA,NA,NA
MUBph_315nm,ACN_05,NA,ACN,seq blank,NA,5,1,Blank,NA,NA,NA,NA
MUBph_315nm,ACN_05b,NA,ACN,seq blank,NA,5,2,Blank,NA,NA,NA,NA
MUBph_315nm,ACN_06,NA,ACN,seq blank,NA,6,1,Blank,NA,NA,NA,NA
MUBph_315nm,ACN_06b,NA,ACN,seq blank,NA,6,2,Blank,NA,NA,NA,NA
MUBph_315nm,ACN_07,NA,ACN,seq blank,NA,7,1,Blank,NA,NA,NA,NA
MUBph_315nm,ACN_07b,NA,ACN,seq blank,NA,7,2,Blank,NA,NA,NA,NA
MUBph_315nm,ACN_08,NA,ACN,seq blank,NA,8,1,Blank,NA,NA,NA,NA
MUBph_315nm,ACN_08b,NA,ACN,seq blank,NA,8,2,Blank,NA,NA,NA,NA
MUBph_315nm,ACN_09,NA,ACN,seq blank,NA,9,1,Blank,NA,NA,NA,NA
MUBph_315nm,ACN_09b,NA,ACN,seq blank,NA,9,2,Blank,NA,NA,NA,NA
MUBph_315nm,ACN_10,NA,ACN,seq blank,NA,10,1,Blank,NA,NA,NA,NA
MUBph_315nm,ACN_10b,NA,ACN,seq blank,NA,10,2,Blank,NA,NA,NA,NA
MUBph_315nm,ACN_11,NA,ACN,seq blank,NA,11,1,Blank,NA,NA,NA,NA
MUBph_315nm,ACN_11b,NA,ACN,seq blank,NA,11,2,Blank,NA,NA,NA,NA
MUBph_315nm,ACN_12,NA,ACN,seq blank,NA,12,1,Blank,NA,NA,NA,NA
MUBph_315nm,ACN_12b,NA,ACN,seq blank,NA,12,2,Blank,NA,NA,NA,NA
MUBph_315nm,ACN_13,NA,ACN,seq blank,NA,13,1,Blank,NA,NA,NA,NA
MUBph_315nm,ACN_13b,NA,ACN,seq blank,NA,13,2,Blank,NA,NA,NA,NA
MUBph_315nm,ACN_14,NA,ACN,seq blank,NA,14,1,Blank,NA,NA,NA,NA
MUBph_315nm,ACN_14b,NA,ACN,seq blank,NA,14,2,Blank,NA,NA,NA,NA
MUBph_315nm,ACN_15,NA,ACN,seq blank,NA,15,1,Blank,NA,NA,NA,NA
MUBph_315nm,ACN_15b,NA,ACN,seq blank,NA,15,2,Blank,NA,NA,NA,NA
MUBph_315nm,ACN_16,NA,ACN,seq blank,NA,16,1,Blank,NA,NA,NA,NA
MUBph_315nm,ACN_16b,NA,ACN,seq blank,NA,16,2,Blank,NA,NA,NA,NA
MUBph_315nm,ACN_17,NA,ACN,seq blank,NA,17,1,Blank,NA,NA,NA,NA
MUBph_315nm,ACN_17b,NA,ACN,seq blank,NA,17,2,Blank,NA,NA,NA,NA
MUBph_315nm,ACN_18,NA,ACN,seq blank,NA,18,1,Blank,NA,NA,NA,NA
MUBph_315nm,ACN_18b,NA,ACN,seq blank,NA,18,2,Blank,NA,NA,NA,NA
MUBph_315nm,ACN_19,NA,ACN,seq blank,NA,19,1,Blank,NA,NA,NA,NA
MUBph_315nm,ACN_19b,NA,ACN,seq blank,NA,19,2,Blank,NA,NA,NA,NA
MUBph_315nm,ACN_20,NA,ACN,seq blank,NA,20,1,Blank,NA,NA,NA,NA
MUBph_315nm,ACN_20b,NA,ACN,seq blank,NA,20,2,Blank,NA,NA,NA,NA
MUBph_315nm,ACN_21,NA,ACN,seq blank,NA,21,1,Blank,NA,NA,NA,NA
MUBph_315nm,ACN_21b,NA,ACN,seq blank,NA,21,2,Blank,NA,NA,NA,NA
MUBph_315nm,ACN_22,NA,ACN,seq blank,NA,22,1,Blank,NA,NA,NA,NA
MUBph_315nm,ACN_22b,NA,ACN,seq blank,NA,22,2,Blank,NA,NA,NA,NA
MUBph_315nm,ACN_23,NA,ACN,seq blank,NA,23,1,Blank,NA,NA,NA,NA
MUBph_315nm,ACN_23b,NA,ACN,seq blank,NA,23,2,Blank,NA,NA,NA,NA
MUBph_315nm,ACN_24,NA,ACN,seq blank,NA,24,1,Blank,NA,NA,NA,NA
MUBph_315nm,ACN_24b,NA,ACN,seq blank,NA,24,2,Blank,NA,NA,NA,NA
MUBph_315nm,ACN_25,NA,ACN,seq blank,NA,25,1,Blank,NA,NA,NA,NA
MUBph_315nm,ACN_25b,NA,ACN,seq blank,NA,25,2,Blank,NA,NA,NA,NA
MUBph_315nm,ACN_cal_01,NA,ACN,cal blank,NA,1,NA,Blank,NA,NA,NA,NA
MUBph_315nm,ACN_cal_02,NA,ACN,cal blank,NA,2,NA,Blank,NA,NA,NA,NA
MUBph_315nm,ACN_cal_03,NA,ACN,cal blank,NA,3,NA,Blank,NA,NA,NA,NA
MUBph_315nm,ACN_cal_04,NA,ACN,cal blank,NA,4,NA,Blank,NA,NA,NA,NA
MUBph_315nm,ACN_cal_05,NA,ACN,cal blank,NA,5,NA,Blank,NA,NA,NA,NA
MUBph_315nm,ACN_cal_06,NA,ACN,cal blank,NA,6,NA,Blank,NA,NA,NA,NA
MUBph_315nm,ACN_cal_07,NA,ACN,cal blank,NA,7,NA,Blank,NA,NA,NA,NA
MUBph_315nm,ACN_cal_08,NA,ACN,cal blank,NA,8,NA,Blank,NA,NA,NA,NA
MUBph_315nm,ACN_cal_09,NA,ACN,cal blank,NA,9,NA,Blank,NA,NA,NA,NA
MUBph_315nm,ACN_cal_10,NA,ACN,cal blank,NA,10,NA,Blank,NA,NA,NA,NA
MUBph_315nm,ACN_cal_11,NA,ACN,cal blank,NA,11,NA,Blank,NA,NA,NA,NA
MUBph_315nm,ACN_cal_12,NA,ACN,cal blank,NA,12,NA,Blank,NA,NA,NA,NA
MUBph_315nm,ACN_cal_13,NA,ACN,cal blank,NA,13,NA,Blank,NA,NA,NA,NA
MUBph_315nm,ACN_cal_14,NA,ACN,cal blank,NA,14,NA,Blank,NA,NA,NA,NA
MUBph_315nm,MUBph_0-4mgmL_seq4,NA,MUBph,QC,NA,A,1,Sample,4410211,NA,0.393,5.5
MUBph_315nm,MUBph_0-4mgmL_seq4b,NA,MUBph,QC,NA,A,2,Sample,4267336,NA,0.38,5.59
MUBph_257mz,13_MUBph_2mgmL-1,13,MUBph,2mgmL,NA,B,2,Cal,2335050227,2,1.845,5.25
MUBph_257mz,13_MUBph_2mgmL-2,13,MUBph,2mgmL,NA,B,2,Cal,2453318850,2,1.939,5.12
MUBph_257mz,13_MUBph_2mgmL-3,13,MUBph,2mgmL,NA,B,2,Cal,2504015889,2,1.979,5.04
MUBph_257mz,13_MUBph_2mgmL-4,13,MUBph,2mgmL,NA,B,2,Cal,2477159926,2,1.958,5.11
MUBph_257mz,14_MUBph_0-4mgmL-1,14,MUBph,0.4mgmL,NA,B,2,Cal,917912816,0.4,0.725,4.73
MUBph_257mz,14_MUBph_0-4mgmL-2,14,MUBph,0.4mgmL,NA,B,2,Cal,897323470,0.4,0.709,4.66
MUBph_257mz,14_MUBph_0-4mgmL-3,14,MUBph,0.4mgmL,NA,B,2,Cal,967109988,0.4,0.764,4.58
MUBph_257mz,14_MUBph_0-4mgmL-4,14,MUBph,0.4mgmL,NA,B,2,Cal,965060244,0.4,0.763,4.58
MUBph_257mz,15_MUBph_0-04mgmL-1,15,MUBph,0.04mgmL,NA,B,2,Cal,134263755,0.04,0.106,4.63
MUBph_257mz,15_MUBph_0-04mgmL-2,15,MUBph,0.04mgmL,NA,B,2,Cal,151465065,0.04,0.12,4.3
MUBph_257mz,15_MUBph_0-04mgmL-3,15,MUBph,0.04mgmL,NA,B,2,Cal,167478943,0.04,0.132,4.27
MUBph_257mz,15_MUBph_0-04mgmL-4,15,MUBph,0.04mgmL,NA,B,2,Cal,177279845,0.04,0.14,4.22
MUBph_257mz,16_MUBph_0-008mgmL-1,16,MUBph,0.008mgmL,NA,B,2,Cal,23459535,0.008,0.019,4.62
MUBph_257mz,16_MUBph_0-008mgmL-2,16,MUBph,0.008mgmL,NA,B,2,Cal,28387339,0.008,0.022,4.35
MUBph_257mz,16_MUBph_0-008mgmL-3,16,MUBph,0.008mgmL,NA,B,2,Cal,40320914,0.008,0.032,4.01
MUBph_257mz,16_MUBph_0-008mgmL-4,16,MUBph,0.008mgmL,NA,B,2,Cal,41455177,0.008,0.033,4.15
MUBph_257mz,17_MUBph_0-0008mgmL-1,17,MUBph,0.0008mgmL,NA,B,2,Cal,1102509,0.0008,0.0009,4.64
MUBph_257mz,17_MUBph_0-0008mgmL-2,17,MUBph,0.0008mgmL,NA,B,2,Cal,1577999,0.0008,0.0012,4.1
MUBph_257mz,17_MUBph_0-0008mgmL-3,17,MUBph,0.0008mgmL,NA,B,2,Cal,2243951,0.0008,0.0018,4.22
MUBph_257mz,17_MUBph_0-0008mgmL-4,17,MUBph,0.0008mgmL,NA,B,2,Cal,2584413,0.0008,0.002,4.09
MUBph_257mz,ACN_01,NA,ACN,seq blank,NA,1,1,Blank,9477,NA,0,3.7
MUBph_257mz,ACN_01b,NA,ACN,seq blank,NA,1,2,Blank,12621,NA,0,4.39
MUBph_257mz,ACN_02,NA,ACN,seq blank,NA,2,1,Blank,NA,NA,NA,NA
MUBph_257mz,ACN_02b,NA,ACN,seq blank,NA,2,2,Blank,8087,NA,0,4.73
MUBph_257mz,ACN_03,NA,ACN,seq blank,NA,3,1,Blank,5685,NA,0,3.47
MUBph_257mz,ACN_03b,NA,ACN,seq blank,NA,3,2,Blank,3392,NA,0,4.63
MUBph_257mz,ACN_04,NA,ACN,seq blank,NA,4,1,Blank,3340,NA,0,3.99
MUBph_257mz,ACN_04b,NA,ACN,seq blank,NA,4,2,Blank,4312,NA,0,3.89
MUBph_257mz,ACN_05,NA,ACN,seq blank,NA,5,1,Blank,NA,NA,NA,NA
MUBph_257mz,ACN_05b,NA,ACN,seq blank,NA,5,2,Blank,4252,NA,0,4.07
MUBph_257mz,ACN_06,NA,ACN,seq blank,NA,6,1,Blank,4944,NA,0,5.04
MUBph_257mz,ACN_06b,NA,ACN,seq blank,NA,6,2,Blank,5643,NA,0,4.15
MUBph_257mz,ACN_07,NA,ACN,seq blank,NA,7,1,Blank,10124,NA,0,3.87
MUBph_257mz,ACN_07b,NA,ACN,seq blank,NA,7,2,Blank,7564,NA,0,3.71
MUBph_257mz,ACN_08,NA,ACN,seq blank,NA,8,1,Blank,10396,NA,0,3.44
MUBph_257mz,ACN_08b,NA,ACN,seq blank,NA,8,2,Blank,5912,NA,0,4.76
MUBph_257mz,ACN_09,NA,ACN,seq blank,NA,9,1,Blank,9020,NA,0,3.93
MUBph_257mz,ACN_09b,NA,ACN,seq blank,NA,9,2,Blank,NA,NA,NA,NA
MUBph_257mz,ACN_10,NA,ACN,seq blank,NA,10,1,Blank,2774,NA,0,4.94
MUBph_257mz,ACN_10b,NA,ACN,seq blank,NA,10,2,Blank,12772,NA,0,3.79
MUBph_257mz,ACN_11,NA,ACN,seq blank,NA,11,1,Blank,NA,NA,NA,NA
MUBph_257mz,ACN_11b,NA,ACN,seq blank,NA,11,2,Blank,3919,NA,0,4.22
MUBph_257mz,ACN_12,NA,ACN,seq blank,NA,12,1,Blank,3642,NA,0,4.99
MUBph_257mz,ACN_12b,NA,ACN,seq blank,NA,12,2,Blank,10619,NA,0,3.53
MUBph_257mz,ACN_13,NA,ACN,seq blank,NA,13,1,Blank,6713,NA,0,4.71
MUBph_257mz,ACN_13b,NA,ACN,seq blank,NA,13,2,Blank,6758,NA,0,3.77
MUBph_257mz,ACN_14,NA,ACN,seq blank,NA,14,1,Blank,15613,NA,0,4.63
MUBph_257mz,ACN_14b,NA,ACN,seq blank,NA,14,2,Blank,3505,NA,0,4.77
MUBph_257mz,ACN_15,NA,ACN,seq blank,NA,15,1,Blank,10865,NA,0,4.79
MUBph_257mz,ACN_15b,NA,ACN,seq blank,NA,15,2,Blank,3396,NA,0,3.43
MUBph_257mz,ACN_16,NA,ACN,seq blank,NA,16,1,Blank,2690,NA,0,3.85
MUBph_257mz,ACN_16b,NA,ACN,seq blank,NA,16,2,Blank,1254,NA,0,3.51
MUBph_257mz,ACN_17,NA,ACN,seq blank,NA,17,1,Blank,4372,NA,0,3.98
MUBph_257mz,ACN_17b,NA,ACN,seq blank,NA,17,2,Blank,NA,NA,NA,NA
MUBph_257mz,ACN_18,NA,ACN,seq blank,NA,18,1,Blank,8407,NA,0,4.63
MUBph_257mz,ACN_18b,NA,ACN,seq blank,NA,18,2,Blank,4182,NA,0,3.75
MUBph_257mz,ACN_19,NA,ACN,seq blank,NA,19,1,Blank,2213,NA,0,3.45
MUBph_257mz,ACN_19b,NA,ACN,seq blank,NA,19,2,Blank,NA,NA,NA,NA
MUBph_257mz,ACN_20,NA,ACN,seq blank,NA,20,1,Blank,NA,NA,NA,NA
MUBph_257mz,ACN_20b,NA,ACN,seq blank,NA,20,2,Blank,4963,NA,0,4.74
MUBph_257mz,ACN_21,NA,ACN,seq blank,NA,21,1,Blank,3861,NA,0,3.69
MUBph_257mz,ACN_21b,NA,ACN,seq blank,NA,21,2,Blank,NA,NA,NA,NA
MUBph_257mz,ACN_22,NA,ACN,seq blank,NA,22,1,Blank,2931,NA,0,3.77
MUBph_257mz,ACN_22b,NA,ACN,seq blank,NA,22,2,Blank,NA,NA,NA,NA
MUBph_257mz,ACN_23,NA,ACN,seq blank,NA,23,1,Blank,2628,NA,0,4
MUBph_257mz,ACN_23b,NA,ACN,seq blank,NA,23,2,Blank,NA,NA,NA,NA
MUBph_257mz,ACN_24,NA,ACN,seq blank,NA,24,1,Blank,NA,NA,NA,NA
MUBph_257mz,ACN_24b,NA,ACN,seq blank,NA,24,2,Blank,NA,NA,NA,NA
MUBph_257mz,ACN_25,NA,ACN,seq blank,NA,25,1,Blank,4202,NA,0,5.04
MUBph_257mz,ACN_25b,NA,ACN,seq blank,NA,25,2,Blank,NA,NA,NA,NA
MUBph_257mz,ACN_cal_01,NA,ACN,cal blank,NA,1,NA,Blank,3819,NA,0,3.68
MUBph_257mz,ACN_cal_02,NA,ACN,cal blank,NA,2,NA,Blank,NA,NA,NA,NA
MUBph_257mz,ACN_cal_03,NA,ACN,cal blank,NA,3,NA,Blank,NA,NA,NA,NA
MUBph_257mz,ACN_cal_04,NA,ACN,cal blank,NA,4,NA,Blank,11301,NA,0,4.64
MUBph_257mz,ACN_cal_05,NA,ACN,cal blank,NA,5,NA,Blank,4963,NA,0,4.55
MUBph_257mz,ACN_cal_06,NA,ACN,cal blank,NA,6,NA,Blank,NA,NA,NA,NA
MUBph_257mz,ACN_cal_07,NA,ACN,cal blank,NA,7,NA,Blank,NA,NA,NA,NA
MUBph_257mz,ACN_cal_08,NA,ACN,cal blank,NA,8,NA,Blank,10192,NA,0,4.85
MUBph_257mz,ACN_cal_09,NA,ACN,cal blank,NA,9,NA,Blank,3864,NA,0,3.62
MUBph_257mz,ACN_cal_10,NA,ACN,cal blank,NA,10,NA,Blank,4879,NA,0,4.04
MUBph_257mz,ACN_cal_11,NA,ACN,cal blank,NA,11,NA,Blank,NA,NA,NA,NA
MUBph_257mz,ACN_cal_12,NA,ACN,cal blank,NA,12,NA,Blank,NA,NA,NA,NA
MUBph_257mz,ACN_cal_13,NA,ACN,cal blank,NA,13,NA,Blank,6590,NA,0,3.76
MUBph_257mz,ACN_cal_14,NA,ACN,cal blank,NA,14,NA,Blank,5318,NA,0,3.62
MUBph_257mz,112_MUBphos_A_1hr_1,112,MUBphos,A,1,A,1,Sample,1199970049,NA,0.948,5.27
MUBph_257mz,112_MUBphos_A_1hr_1b,112,MUBphos,A,1,A,2,Sample,1173552829,NA,0.927,5.32
MUBph_257mz,113_MUBphos_A_1hr_2,113,MUBphos,A,1,B,1,Sample,1422379270,NA,1.124,5.28
MUBph_257mz,113_MUBphos_A_1hr_2b,113,MUBphos,A,1,B,2,Sample,1390180025,NA,1.099,5.37
MUBph_257mz,114_MUBphos_A_1hr_3,114,MUBphos,A,1,C,1,Sample,1228775348,NA,0.971,5.26
MUBph_257mz,114_MUBphos_A_1hr_3b,114,MUBphos,A,1,C,2,Sample,1236325093,NA,0.977,5.24
MUBph_257mz,115_MUBphos_A_2hr_1,115,MUBphos,A,2,A,1,Sample,1251167346,NA,0.989,5.13
MUBph_257mz,115_MUBphos_A_2hr_1b,115,MUBphos,A,2,A,2,Sample,1133729351,NA,0.896,5.23
MUBph_257mz,116_MUBphos_A_2hr_2,116,MUBphos,A,2,B,1,Sample,1373869306,NA,1.086,5.13
MUBph_257mz,116_MUBphos_A_2hr_2b,116,MUBphos,A,2,B,2,Sample,1249111742,NA,0.987,5.28
MUBph_257mz,117_MUBphos_A_2hr_3,117,MUBphos,A,2,C,1,Sample,1361492582,NA,1.076,5.24
MUBph_257mz,117_MUBphos_A_2hr_3b,117,MUBphos,A,2,C,2,Sample,1345656290,NA,1.063,5.23
MUBph_257mz,118_MUBphos_A_4hr_1,118,MUBphos,A,4,A,1,Sample,1315438634,NA,1.04,5.23
MUBph_257mz,118_MUBphos_A_4hr_1b,118,MUBphos,A,4,A,2,Sample,1241981038,NA,0.982,5.28
MUBph_257mz,119_MUBphos_A_4hr_2,119,MUBphos,A,4,B,1,Sample,1290093409,NA,1.02,5.26
MUBph_257mz,119_MUBphos_A_4hr_2b,119,MUBphos,A,4,B,2,Sample,1227132245,NA,0.97,5.35
MUBph_257mz,120_MUBphos_A_4hr_3,120,MUBphos,A,4,C,1,Sample,1432473600,NA,1.132,5.19
MUBph_257mz,120_MUBphos_A_4hr_3b,120,MUBphos,A,4,C,2,Sample,1253925785,NA,0.991,5.29
MUBph_257mz,121_MUBphos_B_1hr_1,121,MUBphos,B,1,A,1,Sample,521914540,NA,0.412,5.08
MUBph_257mz,121_MUBphos_B_1hr_1b,121,MUBphos,B,1,A,2,Sample,475027051,NA,0.375,5.24
MUBph_257mz,122_MUBphos_B_1hr_2,122,MUBphos,B,1,B,1,Sample,540717749,NA,0.427,5.21
MUBph_257mz,122_MUBphos_B_1hr_2b,122,MUBphos,B,1,B,2,Sample,501224945,NA,0.396,5.23
MUBph_257mz,123_MUBphos_B_1hr_3,123,MUBphos,B,1,C,1,Sample,509726923,NA,0.403,5.15
MUBph_257mz,123_MUBphos_B_1hr_3b,123,MUBphos,B,1,C,2,Sample,450615674,NA,0.356,5.25
MUBph_257mz,124_MUBphos_B_2hr_1,124,MUBphos,B,2,A,1,Sample,443740212,NA,0.351,5.21
MUBph_257mz,124_MUBphos_B_2hr_1b,124,MUBphos,B,2,A,2,Sample,402268285,NA,0.318,5.38
MUBph_257mz,125_MUBphos_B_2hr_2,125,MUBphos,B,2,B,1,Sample,470984855,NA,0.372,5.14
MUBph_257mz,125_MUBphos_B_2hr_2b,125,MUBphos,B,2,B,2,Sample,417123364,NA,0.33,5.31
MUBph_257mz,126_MUBphos_B_2hr_3,126,MUBphos,B,2,C,1,Sample,467694311,NA,0.37,5.27
MUBph_257mz,126_MUBphos_B_2hr_3b,126,MUBphos,B,2,C,2,Sample,436458900,NA,0.345,5.27
MUBph_257mz,127_MUBphos_B_4hr_1,127,MUBphos,B,4,A,1,Sample,464694244,NA,0.367,5.17
MUBph_257mz,127_MUBphos_B_4hr_1b,127,MUBphos,B,4,A,2,Sample,421814790,NA,0.333,5.29
MUBph_257mz,128_MUBphos_B_4hr_2,128,MUBphos,B,4,B,1,Sample,419196781,NA,0.331,5.17
MUBph_257mz,128_MUBphos_B_4hr_2b,128,MUBphos,B,4,B,2,Sample,391169673,NA,0.309,5.21
MUBph_257mz,129_MUBphos_B_4hr_3,129,MUBphos,B,4,C,1,Sample,442038001,NA,0.349,5.21
MUBph_257mz,129_MUBphos_B_4hr_3b,129,MUBphos,B,4,C,2,Sample,412432104,NA,0.326,5.27
MUBph_257mz,130_MUBphos_C_1hr_1,130,MUBphos,C,1,A,1,Sample,902092658,NA,0.713,5.36
MUBph_257mz,130_MUBphos_C_1hr_1b,130,MUBphos,C,1,A,2,Sample,828800048,NA,0.655,5.53
MUBph_257mz,131_MUBphos_C_1hr_2,131,MUBphos,C,1,B,1,Sample,890707131,NA,0.704,5.46
MUBph_257mz,131_MUBphos_C_1hr_2b,131,MUBphos,C,1,B,2,Sample,827283325,NA,0.654,5.57
MUBph_257mz,132_MUBphos_C_1hr_3,132,MUBphos,C,1,C,1,Sample,1001298701,NA,0.791,5.45
MUBph_257mz,132_MUBphos_C_1hr_3b,132,MUBphos,C,1,C,2,Sample,926198430,NA,0.732,5.5
MUBph_257mz,133_MUBphos_C_2hr_1,133,MUBphos,C,2,A,1,Sample,913483702,NA,0.722,5.28
MUBph_257mz,133_MUBphos_C_2hr_1b,133,MUBphos,C,2,A,2,Sample,832722702,NA,0.658,5.32
MUBph_257mz,134_MUBphos_C_2hr_2,134,MUBphos,C,2,B,1,Sample,959673150,NA,0.758,5.38
MUBph_257mz,134_MUBphos_C_2hr_2b,134,MUBphos,C,2,B,2,Sample,849157090,NA,0.671,5.61
MUBph_257mz,135_MUBphos_C_2hr_3,135,MUBphos,C,2,C,1,Sample,755085335,NA,0.597,5.3
MUBph_257mz,135_MUBphos_C_2hr_3b,135,MUBphos,C,2,C,2,Sample,683209532,NA,0.54,5.39
MUBph_257mz,136_MUBphos_C_4hr_1,136,MUBphos,C,4,A,1,Sample,903206552,NA,0.714,5.48
MUBph_257mz,136_MUBphos_C_4hr_1b,136,MUBphos,C,4,A,2,Sample,841789493,NA,0.665,5.57
MUBph_257mz,137_MUBphos_C_4hr_2,137,MUBphos,C,4,B,1,Sample,1056650712,NA,0.835,5.57
MUBph_257mz,137_MUBphos_C_4hr_2b,137,MUBphos,C,4,B,2,Sample,968945640,NA,0.766,5.66
MUBph_257mz,138_MUBphos_C_4hr_3,138,MUBphos,C,4,C,1,Sample,1098939899,NA,0.868,5.56
MUBph_257mz,138_MUBphos_C_4hr_3b,138,MUBphos,C,4,C,2,Sample,998158774,NA,0.789,5.68
MUBph_257mz,139_MUBphos_Dgs_1hr_1,139,MUBphos,Dgs,1,A,1,Sample,528097137,NA,0.417,5.2
MUBph_257mz,139_MUBphos_Dgs_1hr_1b,139,MUBphos,Dgs,1,A,2,Sample,457821724,NA,0.362,5.34
MUBph_257mz,140_MUBphos_Dgs_1hr_2,140,MUBphos,Dgs,1,B,1,Sample,534557175,NA,0.422,5.24
MUBph_257mz,140_MUBphos_Dgs_1hr_2b,140,MUBphos,Dgs,1,B,2,Sample,474095932,NA,0.375,5.39
MUBph_257mz,141_MUBphos_Dgs_1hr_3,141,MUBphos,Dgs,1,C,1,Sample,615539928,NA,0.486,5.23
MUBph_257mz,141_MUBphos_Dgs_1hr_3b,141,MUBphos,Dgs,1,C,2,Sample,547935535,NA,0.433,5.35
MUBph_257mz,142_MUBphos_Dgs_2hr_1,142,MUBphos,Dgs,2,A,1,Sample,419148349,NA,0.331,5.27
MUBph_257mz,142_MUBphos_Dgs_2hr_1b,142,MUBphos,Dgs,2,A,2,Sample,376815298,NA,0.298,5.4
MUBph_257mz,143_MUBphos_Dgs_2hr_2,143,MUBphos,Dgs,2,B,1,Sample,455817050,NA,0.36,5.32
MUBph_257mz,143_MUBphos_Dgs_2hr_2b,143,MUBphos,Dgs,2,B,2,Sample,404368155,NA,0.32,5.43
MUBph_257mz,144_MUBphos_Dgs_2hr_3,144,MUBphos,Dgs,2,C,1,Sample,510916814,NA,0.404,5.11
MUBph_257mz,144_MUBphos_Dgs_2hr_3b,144,MUBphos,Dgs,2,C,2,Sample,441152329,NA,0.349,5.38
MUBph_257mz,145_MUBphos_Dgs_4hr_1,145,MUBphos,Dgs,4,A,1,Sample,97002082,NA,0.077,5.06
MUBph_257mz,145_MUBphos_Dgs_4hr_1b,145,MUBphos,Dgs,4,A,2,Sample,80024194,NA,0.063,5.26
MUBph_257mz,146_MUBphos_Dgs_4hr_2,146,MUBphos,Dgs,4,B,1,Sample,118687378,NA,0.094,5.09
MUBph_257mz,146_MUBphos_Dgs_4hr_2b,146,MUBphos,Dgs,4,B,2,Sample,97299542,NA,0.077,5.23
MUBph_257mz,147_MUBphos_Dgs_4hr_3,147,MUBphos,Dgs,4,C,1,Sample,106620363,NA,0.084,5.05
MUBph_257mz,147_MUBphos_Dgs_4hr_3b,147,MUBphos,Dgs,4,C,2,Sample,91351852,NA,0.072,5.2
MUBph_257mz,148_MUBphos_Dfo_1hr_1,148,MUBphos,Dfo,1,A,1,Sample,864762302,NA,0.683,5.4
MUBph_257mz,148_MUBphos_Dfo_1hr_1b,148,MUBphos,Dfo,1,A,2,Sample,789366971,NA,0.624,5.53
MUBph_257mz,149_MUBphos_Dfo_1hr_2,149,MUBphos,Dfo,1,B,1,Sample,816159120,NA,0.645,5.28
MUBph_257mz,149_MUBphos_Dfo_1hr_2b,149,MUBphos,Dfo,1,B,2,Sample,704232242,NA,0.557,5.41
MUBph_257mz,150_MUBphos_Dfo_1hr_3,150,MUBphos,Dfo,1,C,1,Sample,881445868,NA,0.697,5.2
MUBph_257mz,150_MUBphos_Dfo_1hr_3b,150,MUBphos,Dfo,1,C,2,Sample,787351577,NA,0.622,5.49
MUBph_257mz,151_MUBphos_Dfo_2hr_1,151,MUBphos,Dfo,2,A,1,Sample,760422782,NA,0.601,5.39
MUBph_257mz,151_MUBphos_Dfo_2hr_1b,151,MUBphos,Dfo,2,A,2,Sample,730146086,NA,0.577,5.36
MUBph_257mz,152_MUBphos_Dfo_2hr_2,152,MUBphos,Dfo,2,B,1,Sample,970313970,NA,0.767,5.25
MUBph_257mz,152_MUBphos_Dfo_2hr_2b,152,MUBphos,Dfo,2,B,2,Sample,806888970,NA,0.638,5.46
MUBph_257mz,153_MUBphos_Dfo_2hr_3,153,MUBphos,Dfo,2,C,1,Sample,892298057,NA,0.705,5.35
MUBph_257mz,153_MUBphos_Dfo_2hr_3b,153,MUBphos,Dfo,2,C,2,Sample,807941261,NA,0.638,5.49
MUBph_257mz,154_MUBphos_Dfo_4hr_1,154,MUBphos,Dfo,4,A,1,Sample,734591685,NA,0.581,5.4
MUBph_257mz,154_MUBphos_Dfo_4hr_1b,154,MUBphos,Dfo,4,A,2,Sample,702568188,NA,0.555,5.36
MUBph_257mz,155_MUBphos_Dfo_4hr_2,155,MUBphos,Dfo,4,B,1,Sample,779625925,NA,0.616,5.28
MUBph_257mz,155_MUBphos_Dfo_4hr_2b,155,MUBphos,Dfo,4,B,2,Sample,706097609,NA,0.558,5.26
MUBph_257mz,156_MUBphos_Dfo_4hr_3,156,MUBphos,Dfo,4,C,1,Sample,673610658,NA,0.532,5.06
MUBph_257mz,156_MUBphos_Dfo_4hr_3b,156,MUBphos,Dfo,4,C,2,Sample,574341005,NA,0.454,5.37
MUBph_257mz,157_MUBphos_Drc_1hr_1,157,MUBphos,Drc,1,A,1,Sample,839191077,NA,0.663,5.35
MUBph_257mz,157_MUBphos_Drc_1hr_1b,157,MUBphos,Drc,1,A,2,Sample,766239345,NA,0.606,5.48
MUBph_257mz,158_MUBphos_Drc_1hr_2,158,MUBphos,Drc,1,B,1,Sample,853456073,NA,0.674,5.33
MUBph_257mz,158_MUBphos_Drc_1hr_2b,158,MUBphos,Drc,1,B,2,Sample,765717508,NA,0.605,5.41
MUBph_257mz,159_MUBphos_Drc_1hr_3,159,MUBphos,Drc,1,C,1,Sample,621284784,NA,0.491,5.22
MUBph_257mz,159_MUBphos_Drc_1hr_3b,159,MUBphos,Drc,1,C,2,Sample,551221875,NA,0.436,5.27
MUBph_257mz,160_MUBphos_Drc_2hr_1,160,MUBphos,Drc,2,A,1,Sample,605337151,NA,0.478,5.32
MUBph_257mz,160_MUBphos_Drc_2hr_1b,160,MUBphos,Drc,2,A,2,Sample,552906706,NA,0.437,5.43
MUBph_257mz,161_MUBphos_Drc_2hr_2,161,MUBphos,Drc,2,B,1,Sample,603678892,NA,0.477,5.33
MUBph_257mz,161_MUBphos_Drc_2hr_2b,161,MUBphos,Drc,2,B,2,Sample,538517273,NA,0.426,5.46
MUBph_257mz,162_MUBphos_Drc_2hr_3,162,MUBphos,Drc,2,C,1,Sample,601285647,NA,0.475,5.29
MUBph_257mz,162_MUBphos_Drc_2hr_3b,162,MUBphos,Drc,2,C,2,Sample,555179645,NA,0.439,5.41
MUBph_257mz,163_MUBphos_Drc_4hr_1,163,MUBphos,Drc,4,A,1,Sample,333568496,NA,0.264,5.21
MUBph_257mz,163_MUBphos_Drc_4hr_1b,163,MUBphos,Drc,4,A,2,Sample,305956682,NA,0.242,5.33
MUBph_257mz,164_MUBphos_Drc_4hr_2,164,MUBphos,Drc,4,B,1,Sample,351555717,NA,0.278,5.21
MUBph_257mz,164_MUBphos_Drc_4hr_2b,164,MUBphos,Drc,4,B,2,Sample,320034606,NA,0.253,5.33
MUBph_257mz,165_MUBphos_Drc_4hr_3,165,MUBphos,Drc,4,C,1,Sample,281446672,NA,0.222,5.19
MUBph_257mz,165_MUBphos_Drc_4hr_3b,165,MUBphos,Drc,4,C,2,Sample,264745499,NA,0.209,5.23
MUBph_257mz,18_MUBph_ori_2mgmL-1,18,MUBph,ori,0,A,1,Sample,2406824473,NA,1.902,5.29
MUBph_257mz,18_MUBph_ori_2mgmL-2,18,MUBph,ori,0,A,2,Sample,2377846083,NA,1.879,5.16
MUBph_257mz,18_MUBph_ori_2mgmL-3,18,MUBph,ori,0,A,3,Sample,2436434293,NA,1.925,5.08
MUBph_257mz,18_MUBph_ori_2mgmL-4,18,MUBph,ori,0,A,4,Sample,2528019246,NA,1.998,4.99
MUBph_257mz,MUBph_0-4mgmL_seq4,NA,MUBph,QC,NA,A,1,Sample,635760546,NA,0.502,5.44
MUBph_257mz,MUBph_0-4mgmL_seq4b,NA,MUBph,QC,NA,A,2,Sample,586167052,NA,0.463,5.52
